****************************************************************************
***                           Sentaurus Device                           ***
***                          Version V-2023.12                           ***
***                      (2.8515123, x86_64, Linux)                      ***
***                                                                      ***
***                       Copyright (C) 1994-2023                        ***
***                            Synopsys, Inc.                            ***
***                                                                      ***
***  This software and the associated documentation are confidential     ***
***  and proprietary to Synopsys, Inc.  Your use or disclosure of this   ***
***  software is subject to the terms and conditions of a written        ***
***  license agreement between you, or your company, and Synopsys, Inc.  ***
****************************************************************************

Compiled Mon Oct 30 07:24:06 PDT 2023 on sce-tcad-build01 (x86_64, Linux)

	Running on machine with the following configuration:
	Host Name: cdsl29.cdsl.iitbbs.ac.in
	Operating System: Linux rel. 5.14.0-503.11.1.el9_5.x86_64 ver. #1 SMP PREEMPT_DYNAMIC Mon Sep 30 11:54:45 EDT 2024
	Machine Type: x86_64
	Process ID: 528752
	Number of processors: 28
	Domain Name: cdsl.iitbbs.ac.in
	Date: Mon Sep  7 16:46:58 2026  (IST)

Parsing "/cad/synopsys/sentaurus/V-2023.12/tcad/current/lib/Molefraction.txt"
Inputfile = pp10_des.cmd
Mon Sep  7 16:47:00 2026: checked out 1 sdevice license(s)
Parsing circuit file /cad/synopsys/sentaurus/V-2023.12/tcad/current/linux64/lib/sdevice/sd_hb_sRL.ccf
Parsing circuit file /cad/synopsys/sentaurus/V-2023.12/tcad/current/linux64/lib/sdevice/sd_hb_vsource2.ccf
Parsing circuit file /cad/synopsys/sentaurus/V-2023.12/tcad/current/linux64/lib/sdevice/sd_hb_vsource.ccf
Parsing circuit file /cad/synopsys/sentaurus/V-2023.12/tcad/current/linux64/lib/sdevice/sd_SRL1.ccf
Parsing circuit file /cad/synopsys/sentaurus/V-2023.12/tcad/current/linux64/lib/sdevice/sd_hb_isource.ccf
Parsing circuit file /cad/synopsys/sentaurus/V-2023.12/tcad/current/linux64/lib/sdevice/sd_hb_pGC.ccf
Parsing circuit file /cad/synopsys/sentaurus/V-2023.12/tcad/current/linux64/lib/sdevice/sd_hb_isource2.ccf
Parsing circuit file /cad/synopsys/sentaurus/V-2023.12/tcad/current/linux64/lib/sdevice/bs_psource.ccf
Parsing circuit file /cad/synopsys/sentaurus/V-2023.12/tcad/current/linux64/lib/scm/ferroelectric.ccf
Parsing circuit file /cad/synopsys/sentaurus/V-2023.12/tcad/current/linux64/lib/scm/satinductor.ccf
Parsing circuit file /cad/synopsys/sentaurus/V-2023.12/tcad/current/linux64/lib/scm/MOS_harness.ccf
Loading shared object file /cad/synopsys/sentaurus/V-2023.12/tcad/current/linux64/lib/scm/MOS_harness.so.linux64
Loading shared object file /cad/synopsys/sentaurus/V-2023.12/tcad/current/linux64/lib/scm/satinductor.so.linux64
Loading shared object file /cad/synopsys/sentaurus/V-2023.12/tcad/current/linux64/lib/scm/ferroelectric.so.linux64
Loading shared object file /cad/synopsys/sentaurus/V-2023.12/tcad/current/linux64/lib/sdevice/bs_psource.so.linux64
Loading shared object file /cad/synopsys/sentaurus/V-2023.12/tcad/current/linux64/lib/sdevice/sd_hb_isource2.so.linux64
Loading shared object file /cad/synopsys/sentaurus/V-2023.12/tcad/current/linux64/lib/sdevice/sd_hb_pGC.so.linux64
Loading shared object file /cad/synopsys/sentaurus/V-2023.12/tcad/current/linux64/lib/sdevice/sd_hb_isource.so.linux64
Loading shared object file /cad/synopsys/sentaurus/V-2023.12/tcad/current/linux64/lib/sdevice/sd_SRL1.so.linux64
Loading shared object file /cad/synopsys/sentaurus/V-2023.12/tcad/current/linux64/lib/sdevice/sd_hb_vsource.so.linux64
Loading shared object file /cad/synopsys/sentaurus/V-2023.12/tcad/current/linux64/lib/sdevice/sd_hb_vsource2.so.linux64
Loading shared object file /cad/synopsys/sentaurus/V-2023.12/tcad/current/linux64/lib/sdevice/sd_hb_sRL.so.linux64
Mon Sep  7 16:47:00 2026: checked out 1 sdevice-parallel license(s)
Mon Sep  7 16:47:02 2026: checked out 1 sparallel license(s)

Input source: pp10_des.cmd

===============================

Output file: n10_des.log


GlobalParameter {
}
no ACExtract file

PMIPath file: /cad/synopsys/sentaurus/V-2023.12/tcad/current/linux64/lib/sdevice-35.2.8515123 /cad/synopsys/sentaurus/V-2023.12/tcad/current/linux64/lib/sdevice

CMIPath file: /cad/synopsys/sentaurus/V-2023.12/tcad/current/linux64/lib/sdevice /cad/synopsys/sentaurus/V-2023.12/tcad/current/linux64/lib/scm

SPICEPath file: /cad/synopsys/sentaurus/V-2023.12/tcad/current/lib/sdevice-35.2.8515123/spice

no DevicePath file

no CIRCUITSAVENAME file

no CIRCUITLOADNAME file

Numerical parameters:
  Absolute error : 
    Poisson : 1.0000e-03
    eqPoisson : 1.0000e-03
    Electron : 1.0000e-05
    Hole : 1.0000e-05
    Photon-Rate-Equation : 1.0000e-07
    Photon-Phase-Equation : 1.0000e-05
    Rate-Stabilize-Equation : 1.0000e-07
    QW-Scattering-Equations : 1.0000e-05
    QW-eScattering-Equation : 1.0000e-05
    QW-hScattering-Equation : 1.0000e-05
    Optical Problem : 1.0000e-03
    Wavelength : 1.0000e-03
    Bandstructure : 1.0000e-03
    EmissionTable : 1.0000e-03
    DephasingRates : 1.0000e-03
    Photon Recycling : 1.0000e-03
    Electron-Temperature : 1.0000e-04
    Hole-Temperature : 1.0000e-04
    Lattice-Hole-Electron-Temperature : 1.0000e-03
    Circuit : 1.0000e-03
    TCircuit : 1.0000e-03
    Contact : 1.0000e-03
    TContact : 1.0000e-03
    Continuation : 1.0000e-03
    eLaplace : 1.0000e-03
    hLaplace : 1.0000e-03
    tLaplace : 1.0000e-03
    electron quasi-fermi-potential : 1.0000e-03
    hole quasi-fermi-potential : 1.0000e-03
    MonteCarlo : 1.0000e-03
    MCPoissonPDE : 1.0000e-03
    eQuantumPotential : 1.0000e-03
    hQuantumPotential : 1.0000e-03
    quasi-fermi-potential : 1.0000e-03
    ConductiveInsulator : 1.0000e-03
    ContactAndConductiveInsulator : 1.0000e-03
    SingletExciton : 1.0000e-05
    FEPolarization : 1.0000e-05
    FEPolarizationX : 1.0000e-05
    FEPolarizationY : 1.0000e-05
    FEPolarizationZ : 1.0000e-05
    FEPolDivFree : 1.0000e-03
    eHopping : 1.0000e-03
    hHopping : 1.0000e-03
    HydrogenAtom : 1.0000e-03
    HydrogenMolecule : 1.0000e-03
    HydrogenIon : 1.0000e-03
    HydrogenSpeciesA : 1.0000e-03
    HydrogenSpeciesB : 1.0000e-03
    HydrogenSpeciesC : 1.0000e-03
    HydrogenSiliconBondOccupation : 1.0000e-03
    TrapPDE : 1.0000e-03
    eSHEDistribution : 1.0000e-03
    hSHEDistribution : 1.0000e-03
    Landau-Lifshitz-Gilbert[theta] : 1.0000e-03
    Landau-Lifshitz-Gilbert[phi] : 1.0000e-03
    Landau-Lifshitz-Gilbert[x] : 1.0000e-03
    Landau-Lifshitz-Gilbert[y] : 1.0000e-03
    Landau-Lifshitz-Gilbert[z] : 1.0000e-03
    Mechanics : 1.0000e-03
    ExternalTransportSolver : 1.0000e-03
    ReactionDiffusionPDE : 1.0000e-03
    eDensity_Valley1 : 1.0000e-05
    eDensity_Valley2 : 1.0000e-05
    eDensity_Valley3 : 1.0000e-05
    eDensity_Valley4 : 1.0000e-05
    hDensity_Valley1 : 1.0000e-05
    hDensity_Valley2 : 1.0000e-05
    hDensity_Valley3 : 1.0000e-05
    hDensity_Valley4 : 1.0000e-05
    eMVTransitionRate : 1.0000e-05
    hMVTransitionRate : 1.0000e-05
  RelErrControl (Reference error): 
    Poisson : 0.025852
    eqPoisson : 1
    Electron : 1.0000e+08
    Hole : 1.0000e+08
    Photon-Rate-Equation : 1.0000e-07
    Photon-Phase-Equation : 1
    Rate-Stabilize-Equation : 1.0000e-07
    QW-Scattering-Equations : 1.0000e+10
    QW-eScattering-Equation : 1.0000e+10
    QW-hScattering-Equation : 1.0000e+10
    Optical Problem : 1
    Wavelength : 1
    Bandstructure : 1
    EmissionTable : 1
    DephasingRates : 1
    Photon Recycling : 1
    Electron-Temperature : 3.0000e+02
    Hole-Temperature : 3.0000e+02
    Lattice-Hole-Electron-Temperature : 3.0000e+02
    Circuit : 1
    TCircuit : 1
    Contact : 0.025852
    TContact : 1
    Continuation : 1
    eLaplace : 1
    hLaplace : 1
    tLaplace : 1
    electron quasi-fermi-potential : 0.025852
    hole quasi-fermi-potential : 0.025852
    MonteCarlo : 1
    MCPoissonPDE : 1
    eQuantumPotential : 0.025852
    hQuantumPotential : 0.025852
    quasi-fermi-potential : 0.025852
    ConductiveInsulator : 1
    ContactAndConductiveInsulator : 1
    SingletExciton : 1.0000e+10
    FEPolarization : 0.025852
    FEPolarizationX : 0.025852
    FEPolarizationY : 0.025852
    FEPolarizationZ : 0.025852
    FEPolDivFree : 1
    eHopping : 0.025852
    hHopping : 0.025852
    HydrogenAtom : 1.0000e+10
    HydrogenMolecule : 1.0000e+10
    HydrogenIon : 1.0000e+10
    HydrogenSpeciesA : 1.0000e+10
    HydrogenSpeciesB : 1.0000e+10
    HydrogenSpeciesC : 1.0000e+10
    HydrogenSiliconBondOccupation : 1
    TrapPDE : 1.0000e-05
    eSHEDistribution : 0.025852
    hSHEDistribution : 0.025852
    Landau-Lifshitz-Gilbert[theta] : 1
    Landau-Lifshitz-Gilbert[phi] : 1
    Landau-Lifshitz-Gilbert[x] : 1
    Landau-Lifshitz-Gilbert[y] : 1
    Landau-Lifshitz-Gilbert[z] : 1
    Mechanics : 1
    ExternalTransportSolver : 1
    ReactionDiffusionPDE : 1
    eDensity_Valley1 : 1.0000e+10
    eDensity_Valley2 : 1.0000e+10
    eDensity_Valley3 : 1.0000e+10
    eDensity_Valley4 : 1.0000e+10
    hDensity_Valley1 : 1.0000e+10
    hDensity_Valley2 : 1.0000e+10
    hDensity_Valley3 : 1.0000e+10
    hDensity_Valley4 : 1.0000e+10
    eMVTransitionRate : 1.0000e+10
    hMVTransitionRate : 1.0000e+10
  Relative error : 5 digits
  Without checked transient error
  Max. #iterations : 15
  LineSearchDamping=1
  #undamped iterations : 8
  No incomplete Newton
  transient method : TR-BDF
  Linear solver : Super
  Linear solver for AC analysis : blocked decomposition
  Linear solver for SHEDistribution Model : Super
  use linear extrapolation in transient/quasistationary computations
  use complex supernodal in ac-analysis (if possible)
  do not use smoothed PDE's in transient/quasistationary computations
  use automatic coupling of contact/circuit stuff
  Spice temperature: 3.0015e+02
  Spice nominal temperature of parameter measurements: 3.0015e+02
  Spice minimum conductance gmin: 1.0000e-12
  Terminate simulation immediately if a solve command fails.
  Use 64 bit (double) normal precision floating point arithmetic.
  Mininum |rhs| : 1.0000e-05
  Maximum |rhs| (transient): 1.0000e+15
  Maximum |rhs| (non-transient): 1.0000e+100
  Maximum |rhs| factor : 1.0000e+10
  Maximum |rhs| factor1 : 1.0000e+100
  Lattice Temperature Range : (50,5.0000e+03)
  Carrier Temperature Range : (10,8.0000e+04)
  SHESORError : 0.0000e+00
  Simplified first order SHE of BTE will be solved
  SHERefinementCutoff : 20
  No user dependencies.
  Number of assembly threads: 4 (command line max_threads)
  Number of solver threads: 4 (command line max_threads)
  Thread stacksize: 1000000 bytes (default)
  Go serial if not enough parallel licenses are available.
  Model: Math  Switched on

Default device parameters:
  Electrodes:
    "source" : 0.0000e+00 V (Ohmic), area factor : 1
    "drain" : 0.0000e+00 V ( 0.0000e+00 V @ 0.0000e+00 s, 1.0000e+00 V @ 1.0000e+00 s) (Ohmic), area factor : 1
    "gate" : 1.5 V (Ohmic), area factor : 1
  RayTrace Boundaries:
  Files:
    no Boundary file
    Grid file: n1_msh.tdr
    no Doping file
    no MobilityDoping file
    MIMCurrent file: pp10_des_mimcur_des.plt
    no MIMDefects file
    no InitialDefects file
    no CyclicNorm file
    no MIMBand file
    MIMSensitivity file: pp10_des_mimsa_des.tdr
    no Load file
    no Save file
    Plot file: n10_des.tdr
    no DevFieldsName file
    AutoNewtonPlot file: n10_des_%ld_des.tdr
    no Path file
    no Lifetime file
    no Temperature file
    Current file: n10_des.plt
    no PMIUserFields file
    no Extraction file
    ModelParameters file: pp10_des.par
    ParameterPath directories: 
    no Piezo file
    no mcDOS file
    no ModeGain file
    no Optical emission table for stimulated emission file
    no Optical emission table for spontaneous emission file
    no Optical emission table for photon phase change coefficient file
    no EmissionTable file
    no DephasingRates file
    no OpticalFarField file
    no OpticalIntensityPattern file
    no SaveOpticalIntensityPattern file
    no IlluminationSpectrum file
    no SpectralPlot file
    no OpticalSolverInput file
    no OpticalGenerationInput file
    no OpticalGenerationOutuput file
    no OptGenTransientScaling file
    no MonteCarloInput file
    no MonteCarloOutput file
    no ACPlot file
-----------------------------------------------
  Numerical parameters:
    With avalanche derivatives
    Using New Plot Names
    Using old wavelength search algorithm
    Do not reinitialize quasi Fermi potentials in quasi-stationary simulations
    Ignore ionization integral constraints
    Without diagonal preconditioning
    With Scharfetter-Gummel Discretization
    Relative error : 5 digits
    Delta for numerical tunnelling derivatives : 1.0000e-03
    CdensityMin: 1.0000e-20
    Do not compute breakdown paths, ionization integrals, and Off-state Breakdown Analysis (OBA)
    QuasiFermiPotential is used for Contact Equation
    With usage of best vertex in element (maximum element-vertex volume angle) for impact ionization models
-----------------------------------------------
-----------------------------------------------
  Physical models:
    Without incomplete ionization
    Use Si parameters
    TATNonlocalPathNC = 0.0000e+00
    With SRH-Recombination
      Without field dependent lifetimes
      With doping dependent lifetimes
      With temperature dependent lifetimes (power law)
    Without CDL-Recombination
    With optical generation computation 
    Without Band-to-Band-Tunneling
    With Auger-Recombination (without Generation)
    Without Radiative Recombination
    Without Surface-Recombination
    Without Trap-Assisted-Auger-Recombination
    PMI recombination models: none
    Without thermal resistance interfaces
    Without distributed resistance interfaces for electrons
    Without distributed resistance interfaces for holes
    Without Piezo
    Without Anisotropic Material Properties
    Without Avalanche-Generation 
    Without Alpha Particle
    Without Heavy Ion
    Without polarization
    Volume charge density: 0.0000e+00 cm^-3
    Device Temperature = 3.0000e+02 K
    Electron Quasi Fermi Potential: 0.0000e+00 V
    Hole Quasi Fermi Potential: 0.0000e+00 V
    Without MagneticField
    With SingletExciton Barrier Type
    Fermi Statistic 
    Intrinsic density models:
      default bandgap model
      Bandgap narrowing model: OldSlotboom with bandgap narrowing (Fermi)
    default affinity model
    default effective mass model
    Electron mobility:
      Doping dependence:
        Default
      no Carrier-Carrier scattering
      no bulk trap Coulomb scattering 
      E_normal dependence:
        Lombardi
      Without ThinLayer mobility model
      High-field mobility: Caughey-Thomas saturation model, using gradient quasi-Fermi potential
      Einstein relation for diffusivity-mobility ratio
      no band tail high-field mobility
    Hole mobility:
      Doping dependence:
        Default
      no Carrier-Carrier scattering
      no bulk trap Coulomb scattering 
      E_normal dependence:
        Lombardi
      Without ThinLayer mobility model
      High-field mobility: Caughey-Thomas saturation model, using gradient quasi-Fermi potential
      Einstein relation for diffusivity-mobility ratio
      no band tail high-field mobility
    Energy relaxation time model: according to formula in parameter file
    Schottky resistance model: default bult-in model
    Lattice thermal conductivity model: according to formula in parameter file
    Metal Resistivity model: according to formula in parameter file
    Thermo Electric Power model: extraploted Si data
    Metal Thermo Electric Power model: MetalThermoElectricPower model not defined
    Lattice heat capacity model: temperature dependent
    no piezoelectric polarization model
    Without default parameters from file (use built-in default parameters)
-----------------------------------------------
  Process information for extraction purposes:
    none
  Plot variables:
    eDensity
    hDensity
    eCurrentDensity/Vector
    hCurrentDensity/Vector
    ElectricField/Vector
    ElectrostaticPotential
    SpaceCharge
    DopingConcentration
    DonorConcentration
    AcceptorConcentration
    eMobility
    hMobility
    eVelocity
    eQuasiFermiPotential
    hQuasiFermiPotential
    ConductionBandEnergy
    ValenceBandEnergy

------------------------------------------------
  NoisePlot variables:
    none
  Plot groups:
    none

------------------------------------------------
  CurrentPlot variables:
    none
Devices:
Systems:
Solve :
 Poisson
Coupled ( Digits : 5, Max. #iterations : 100, 
    Solver : Super,
    #undamped iterations : 8 
    )
    { Poisson Electron Hole } 
Transient (
      Max. #iterations : 15, 
      Initial step : 1.0000e-05 s,       Minimum step : 1.0000e-14 s, Maximum step : 0.01 s, 
      Initial time : 0.0000e+00 s, Final time : 1 s, 
    )
  {
    Coupled ( Digits : 5, Max. #iterations : 15, 
        Solver : Super,
        #undamped iterations : 8 
        )
        { Poisson Electron Hole } 
  }

===============================

Reading grid 'n1_msh.tdr' ... 
  coordinate system: UCS, 3d_sprocess (x is device down direction)
  use coordinate system as is (no transformation)
  TDR format
  Number of grid points is 5214.
done.

Adding interfaces and contacts .... done.

Computing edges ...
  Number of edges: 15444
done.
Computing boxes ...

  CVPL_AverageBoxMethod = TRUE 
   
  Boxmethod Parallel Computing: nbThreads = 4 

  Computing Delaunay coefficients ...   done.
  Delaunay coefficients time: (wallclock = 0.0000e+00 s, tcpu = 0.0000e+00 s)

  Parallel Computing Voronoi faces, coefficients, and measures ... 
  CVPL_Algorithm = TRUE 

    Computing Obtuse Elements ... 
     Obtuse Elements time:  tcpu = 0.0000e+00 s
      New Parameters time: (wallclock = 0.0000e+00 s, tcpu = 0.0000e+00 s)

Info for all regions (NumberOfRegions = 9):
        ElementWithMinVolume(  5788) Vertex0( 2918)(-0.000000e+00, 1.445312e-01) Volume = 3.204346e-08 um3 (2.40e-07 from TotalVolume)
          ElementWithMinEdge(  2081) Vertex0(  313)( 1.367187e-04, 9.375000e-02) Length = 1.367187e-04 um
              MaxFlatElement( 10071) Vertex0( 5197)(-5.500000e-02, 7.401900e-02)  Angle = 4.156592e+01 degrees
         ElementWithMinAngle(  5858) Vertex0( 2822)(-0.000000e+00, 1.601562e-01)  Angle = 2.004534e+00 degrees
   ElementWithMaxQualityEdge(  5767) Vertex0( 2822)( 1.367187e-04, 1.406250e-01)    R/L = 1.429446e+01 
 ElementWithMaxQualityHeight( 10068) Vertex0( 5196)(-6.121300e-02, 7.878700e-02)    R/H = 1.715824e+01 

Info for semiconductor regions (NumberOfRegions = 2):
        ElementWithMinVolume(  5788) Vertex0( 2918)(-0.000000e+00, 1.445312e-01) Volume = 3.204346e-08 um3 (2.40e-07 from TotalVolume)
          ElementWithMinEdge(  2081) Vertex0(  313)( 1.367187e-04, 9.375000e-02) Length = 1.367187e-04 um
              MaxFlatElement(  5808) Vertex0( 2956)( 6.933594e-04, 1.459961e-01)  Angle = 6.031686e+01 degrees
         ElementWithMinAngle(  5858) Vertex0( 2822)(-0.000000e+00, 1.601562e-01)  Angle = 2.004534e+00 degrees
   ElementWithMaxQualityEdge(  5767) Vertex0( 2822)( 1.367187e-04, 1.406250e-01)    R/L = 1.429446e+01 
 ElementWithMaxQualityHeight(  5767) Vertex0( 2822)( 1.367187e-04, 1.406250e-01)    R/H = 1.430321e+01 

   NumberOfEdges              =  15444 
   NumberOfGeometricalEdges   =  15397 
   NumberOfDoubleEdges        =      0 
   MaxNumberOfEdgesPerVertex  =      8; vertex(110) = (-4.328125e-02,  7.421875e-02) [um]
   MaxNumberOfElementsPerEdge =      2; edge(0) = (390, 445) 
                                        vertex(390) = (-7.656250e-03,  1.050000e-01) [um]
                                        vertex(445) = (-6.542969e-03,  1.054688e-01) [um]

                        NumberOfVertices =   5261 
                        NumberOfElements =  10184 
                       NumberOfTriangles =  10184  (100.00 %)
                      NumberOfRectangles =      0  ( 0.00 %)
                  NumberOfObtuseElements =     28  ( 0.27 %)
             NumberOfNonDelaunayElements =      0  ( 0.00 %)

  VertexWithMaxMeasure( 5139)( 4.287500e-01, 6.250000e-02)
  MaxVertMeasure(1.113281e-03)/VertVolume(5.566406e-04) = 2.00e+00


/-------- Region non-Delaunay elements --------------------------------------------------------------------------
 Region               Volume      BoxMethodVolume  DeltaVolume  Elements  non-Delaunay      non-DelaunayVolume 
  name                 [um2]          [um2]           [%]                   Elements              [um2]   [%]   
 ----------------------------------------------------------------------------------------------------------------
 R.GateOx          3.3080000e-04  3.3080000e-04     2.8e-13       336       0 ( 0.00 %)   0.0000000e+00 ( 0.0000) 
 R.STI.Left        4.5000000e-03  4.5000000e-03     1.9e-13       321       0 ( 0.00 %)   0.0000000e+00 ( 0.0000) 
 R.Spacer.Right    2.2488175e-03  2.2488175e-03     4.8e-13       494       0 ( 0.00 %)   0.0000000e+00 ( 0.0000) 
 R.Silicide.Right  6.0000000e-04  6.0000000e-04     2.0e-13        96       0 ( 0.00 %)   0.0000000e+00 ( 0.0000) 
 R.Poly            2.4692000e-03  2.4692000e-03     5.1e-13       450       0 ( 0.00 %)   0.0000000e+00 ( 0.0000) 
 R.STI.Right       4.5000000e-03  4.5000000e-03     3.2e-13       319       0 ( 0.00 %)   0.0000000e+00 ( 0.0000) 
 R.Substrate       1.1600000e-01  1.1600000e-01     7.6e-12      7574       0 ( 0.00 %)   0.0000000e+00 ( 0.0000) 
 R.Spacer.Left     2.2488175e-03  2.2488175e-03     7.1e-13       498       0 ( 0.00 %)   0.0000000e+00 ( 0.0000) 
 R.Silicide.Left   6.0000000e-04  6.0000000e-04     2.0e-14        96       0 ( 0.00 %)   0.0000000e+00 ( 0.0000) 
 ................................................................................................................
 Total             1.3349763e-01  1.3349763e-01     9.7e-12     10184       0 ( 0.00 %)   0.0000000e+00 ( 0.0000) 
\----------------------------------------------------------------------------------------------------------------
    done.
  done.
  (times: wallclock = 0.0000e+00 s, tcpu = 0.01 s)
done.
Reading doping 'n1_msh.tdr' (TDR format) ...
done.
done.
Reading parameter file 'pp10_des.par' ...
---------------------------------------------------
 Reading parameters for material "GatePolySilicon"
---------------------------------------------------

---------------------------------------------------
 Reading parameters for material "Nitride"
---------------------------------------------------

---------------------------------------------------
 Reading parameters for material "Oxide"
---------------------------------------------------

	Differences compared with default parameters:
	HydrogenAtom: d0 = 9.5600e-04, instead of: 3.8000e-13 [cm^2/s]
	HydrogenAtom: Ed = 0.2, instead of: 0.0000e+00 [eV]
	HydrogenAtom: n0 = 1, instead of: 0.0000e+00 [/cm^3]
	HydrogenMolecule: d0 = 3.5000e-11, instead of: 1.8000e-14 [cm^2/s]
	HydrogenMolecule: Ed = 0.5, instead of: 0.0000e+00 [eV]
	HydrogenMolecule: n0 = 1, instead of: 0.0000e+00 [/cm^3]

---------------------------------------------------
 Reading parameters for material "PolySi"
---------------------------------------------------

---------------------------------------------------
 Reading parameters for material "Silicide"
---------------------------------------------------

---------------------------------------------------
 Reading parameters for material "Silicon"
---------------------------------------------------

	Differences compared with default parameters:
	Thermal resistivity: W = -3.9300e-02, instead of: 0.03 [(K cm)/W]
	Thermal resistivity: W_b = 1.5500e-03, instead of: 1.5600e-03 [cm/W]
	Thermal resistivity: W_c = 1.8200e-06, instead of: 1.6500e-06 [cm/(W K)]
	Thermal conductivity: kappa = 1.6964, instead of: 1.5 [W/(K cm)]
	Thermal resistivity: W = -3.9300e-02, instead of: 0.03 [(K cm)/W]
	Thermal resistivity: W_b = 1.5500e-03, instead of: 1.5600e-03 [cm/W]
	Thermal resistivity: W_c = 1.8200e-06, instead of: 1.6500e-06 [cm/(W K)]
	Thermal conductivity_aniso: kappa = 1.6964, instead of: 1.5 [W/(K cm)]
	Ionization: NdCrit = 5.0000e+18, instead of: 1.0000e+22 [cm-3]
	Ionization: NaCrit = 5.0000e+18, instead of: 1.0000e+22 [cm-3]
	Bandgap: Chi0 = 4.0727, instead of: 4.05 [eV]
	Bandgap: Eg0 = 1.12416, instead of: 1.16964 [eV]
	Bandgap: dEg0(OldSlotboom) = 0.0000e+00, instead of: -1.5950e-02 [eV]
	Bandgap: Tpar = 3.0000e+02, instead of: 0.0000e+00 [K]
	QuantumPotentialParameters(elec): gamma = 4.5, instead of: 3.6 [1]
	QuantumPotentialParameters(hole): gamma = 7.3, instead of: 5.6 [1]
	QuantumPotentialParameters_100(elec): gamma = 4.5, instead of: 3.6 [1]
	QuantumPotentialParameters_100(hole): gamma = 7.3, instead of: 5.6 [1]
	QuantumPotentialParameters_110(elec): gamma = 6.35, instead of: 3.6 [1]
	QuantumPotentialParameters_110(hole): gamma = 3.3, instead of: 5.6 [1]
	QuantumPotentialParameters_111(elec): gamma = 6.65, instead of: 3.6 [1]
	QuantumPotentialParameters_111(hole): gamma = 4.3, instead of: 5.6 [1]
	EnormalMob_100(elec): B = 2.7100e+07, instead of: 4.7500e+07 [cm/s]
	EnormalMob_100(elec): C = 1.3600e+04, instead of: 5.8000e+02 [cm^(5/3)/(V^(2/3)s)]
	EnormalMob_100(elec): lambda = 0.0233, instead of: 0.125 [1]
	EnormalMob_100(elec): delta = 3.5800e+18, instead of: 5.8200e+14 [cm^2/(Vs)]
	EnormalMob_100(elec): A = 2.58, instead of: 2 [1]
	EnormalMob_100(elec): alpha = 2.7400e-20, instead of: 0.0000e+00 [cm^3]
	EnormalMob_100(elec): nu = 0.0767, instead of: 1 [1]
	EnormalMob_100(elec): eta = 1.0000e+300, instead of: 5.8200e+30 [V^2/cm/s]
	EnormalMob_100(hole): B = 1.1300e+07, instead of: 9.9250e+06 [cm/s]
	EnormalMob_100(hole): C = 3.0500e+03, instead of: 2.9470e+03 [cm^(5/3)/(V^(2/3)s)]
	EnormalMob_100(hole): lambda = 0.0119, instead of: 0.0317 [1]
	EnormalMob_100(hole): delta = 4.1000e+15, instead of: 2.0546e+14 [cm^2/(Vs)]
	EnormalMob_100(hole): A = 2.18, instead of: 2 [1]
	EnormalMob_100(hole): alpha = 3.1300e-20, instead of: 0.0000e+00 [cm^3]
	EnormalMob_100(hole): nu = 0.123, instead of: 1 [1]
	EnormalMob_100(hole): eta = 1.0000e+300, instead of: 2.0546e+30 [V^2/cm/s]
	EnormalMob_100(elec)_aniso: B = 2.7100e+07, instead of: 4.7500e+07 [cm/s]
	EnormalMob_100(elec)_aniso: C = 1.3600e+04, instead of: 5.8000e+02 [cm^(5/3)/(V^(2/3)s)]
	EnormalMob_100(elec)_aniso: lambda = 0.0233, instead of: 0.125 [1]
	EnormalMob_100(elec)_aniso: delta = 3.5800e+18, instead of: 5.8200e+14 [cm^2/(Vs)]
	EnormalMob_100(elec)_aniso: A = 2.58, instead of: 2 [1]
	EnormalMob_100(elec)_aniso: alpha = 2.7400e-20, instead of: 0.0000e+00 [cm^3]
	EnormalMob_100(elec)_aniso: nu = 0.0767, instead of: 1 [1]
	EnormalMob_100(elec)_aniso: eta = 1.0000e+300, instead of: 5.8200e+30 [V^2/cm/s]
	EnormalMob_100(hole)_aniso: B = 1.1300e+07, instead of: 9.9250e+06 [cm/s]
	EnormalMob_100(hole)_aniso: C = 3.0500e+03, instead of: 2.9470e+03 [cm^(5/3)/(V^(2/3)s)]
	EnormalMob_100(hole)_aniso: lambda = 0.0119, instead of: 0.0317 [1]
	EnormalMob_100(hole)_aniso: delta = 4.1000e+15, instead of: 2.0546e+14 [cm^2/(Vs)]
	EnormalMob_100(hole)_aniso: A = 2.18, instead of: 2 [1]
	EnormalMob_100(hole)_aniso: alpha = 3.1300e-20, instead of: 0.0000e+00 [cm^3]
	EnormalMob_100(hole)_aniso: nu = 0.123, instead of: 1 [1]
	EnormalMob_100(hole)_aniso: eta = 1.0000e+300, instead of: 2.0546e+30 [V^2/cm/s]
	EnormalMob_110(elec): B = 1.8050e+07, instead of: 4.7500e+07 [cm/s]
	EnormalMob_110(elec): C = 5.1000e+03, instead of: 5.8000e+02 [cm^(5/3)/(V^(2/3)s)]
	EnormalMob_110(elec): lambda = 0.0233, instead of: 0.125 [1]
	EnormalMob_110(elec): delta = 1.7900e+18, instead of: 5.8200e+14 [cm^2/(Vs)]
	EnormalMob_110(elec): A = 2.688, instead of: 2 [1]
	EnormalMob_110(elec): alpha = 2.7400e-20, instead of: 0.0000e+00 [cm^3]
	EnormalMob_110(elec): nu = 0.0767, instead of: 1 [1]
	EnormalMob_110(elec): eta = 1.0000e+300, instead of: 5.8200e+30 [V^2/cm/s]
	EnormalMob_110(hole): B = 3.0200e+07, instead of: 9.9250e+06 [cm/s]
	EnormalMob_110(hole): C = 1.6720e+04, instead of: 2.9470e+03 [cm^(5/3)/(V^(2/3)s)]
	EnormalMob_110(hole): lambda = 0.0119, instead of: 0.0317 [1]
	EnormalMob_110(hole): delta = 1.2300e+16, instead of: 2.0546e+14 [cm^2/(Vs)]
	EnormalMob_110(hole): A = 2.18, instead of: 2 [1]
	EnormalMob_110(hole): alpha = 3.1300e-20, instead of: 0.0000e+00 [cm^3]
	EnormalMob_110(hole): nu = 0.123, instead of: 1 [1]
	EnormalMob_110(hole): eta = 1.0000e+300, instead of: 2.0546e+30 [V^2/cm/s]
	EnormalMob_110(elec)_aniso: B = 1.8050e+07, instead of: 4.7500e+07 [cm/s]
	EnormalMob_110(elec)_aniso: C = 5.1000e+03, instead of: 5.8000e+02 [cm^(5/3)/(V^(2/3)s)]
	EnormalMob_110(elec)_aniso: lambda = 0.0233, instead of: 0.125 [1]
	EnormalMob_110(elec)_aniso: delta = 1.7900e+18, instead of: 5.8200e+14 [cm^2/(Vs)]
	EnormalMob_110(elec)_aniso: A = 2.688, instead of: 2 [1]
	EnormalMob_110(elec)_aniso: alpha = 2.7400e-20, instead of: 0.0000e+00 [cm^3]
	EnormalMob_110(elec)_aniso: nu = 0.0767, instead of: 1 [1]
	EnormalMob_110(elec)_aniso: eta = 1.0000e+300, instead of: 5.8200e+30 [V^2/cm/s]
	EnormalMob_110(hole)_aniso: B = 3.0200e+07, instead of: 9.9250e+06 [cm/s]
	EnormalMob_110(hole)_aniso: C = 1.6720e+04, instead of: 2.9470e+03 [cm^(5/3)/(V^(2/3)s)]
	EnormalMob_110(hole)_aniso: lambda = 0.0119, instead of: 0.0317 [1]
	EnormalMob_110(hole)_aniso: delta = 1.2300e+16, instead of: 2.0546e+14 [cm^2/(Vs)]
	EnormalMob_110(hole)_aniso: A = 2.18, instead of: 2 [1]
	EnormalMob_110(hole)_aniso: alpha = 3.1300e-20, instead of: 0.0000e+00 [cm^3]
	EnormalMob_110(hole)_aniso: nu = 0.123, instead of: 1 [1]
	EnormalMob_110(hole)_aniso: eta = 1.0000e+300, instead of: 2.0546e+30 [V^2/cm/s]
	EnormalMob_110/100(elec): B = 1.8050e+07, instead of: 4.7500e+07 [cm/s]
	EnormalMob_110/100(elec): C = 5.1000e+03, instead of: 5.8000e+02 [cm^(5/3)/(V^(2/3)s)]
	EnormalMob_110/100(elec): lambda = 0.0233, instead of: 0.125 [1]
	EnormalMob_110/100(elec): delta = 1.7900e+18, instead of: 5.8200e+14 [cm^2/(Vs)]
	EnormalMob_110/100(elec): A = 2.688, instead of: 2 [1]
	EnormalMob_110/100(elec): alpha = 2.7400e-20, instead of: 0.0000e+00 [cm^3]
	EnormalMob_110/100(elec): nu = 0.0767, instead of: 1 [1]
	EnormalMob_110/100(elec): eta = 1.0000e+300, instead of: 5.8200e+30 [V^2/cm/s]
	EnormalMob_110/100(hole): B = 3.0200e+07, instead of: 9.9250e+06 [cm/s]
	EnormalMob_110/100(hole): C = 8.3600e+03, instead of: 2.9470e+03 [cm^(5/3)/(V^(2/3)s)]
	EnormalMob_110/100(hole): lambda = 0.0119, instead of: 0.0317 [1]
	EnormalMob_110/100(hole): delta = 4.1000e+15, instead of: 2.0546e+14 [cm^2/(Vs)]
	EnormalMob_110/100(hole): A = 2.18, instead of: 2 [1]
	EnormalMob_110/100(hole): alpha = 3.1300e-20, instead of: 0.0000e+00 [cm^3]
	EnormalMob_110/100(hole): nu = 0.123, instead of: 1 [1]
	EnormalMob_110/100(hole): eta = 1.0000e+300, instead of: 2.0546e+30 [V^2/cm/s]
	EnormalMob_110/100(elec)_aniso: B = 1.8050e+07, instead of: 4.7500e+07 [cm/s]
	EnormalMob_110/100(elec)_aniso: C = 5.1000e+03, instead of: 5.8000e+02 [cm^(5/3)/(V^(2/3)s)]
	EnormalMob_110/100(elec)_aniso: lambda = 0.0233, instead of: 0.125 [1]
	EnormalMob_110/100(elec)_aniso: delta = 1.7900e+18, instead of: 5.8200e+14 [cm^2/(Vs)]
	EnormalMob_110/100(elec)_aniso: A = 2.688, instead of: 2 [1]
	EnormalMob_110/100(elec)_aniso: alpha = 2.7400e-20, instead of: 0.0000e+00 [cm^3]
	EnormalMob_110/100(elec)_aniso: nu = 0.0767, instead of: 1 [1]
	EnormalMob_110/100(elec)_aniso: eta = 1.0000e+300, instead of: 5.8200e+30 [V^2/cm/s]
	EnormalMob_110/100(hole)_aniso: B = 3.0200e+07, instead of: 9.9250e+06 [cm/s]
	EnormalMob_110/100(hole)_aniso: C = 8.3600e+03, instead of: 2.9470e+03 [cm^(5/3)/(V^(2/3)s)]
	EnormalMob_110/100(hole)_aniso: lambda = 0.0119, instead of: 0.0317 [1]
	EnormalMob_110/100(hole)_aniso: delta = 4.1000e+15, instead of: 2.0546e+14 [cm^2/(Vs)]
	EnormalMob_110/100(hole)_aniso: A = 2.18, instead of: 2 [1]
	EnormalMob_110/100(hole)_aniso: alpha = 3.1300e-20, instead of: 0.0000e+00 [cm^3]
	EnormalMob_110/100(hole)_aniso: nu = 0.123, instead of: 1 [1]
	EnormalMob_110/100(hole)_aniso: eta = 1.0000e+300, instead of: 2.0546e+30 [V^2/cm/s]
	EnormalMob_111(elec): B = 3.6100e+07, instead of: 4.7500e+07 [cm/s]
	EnormalMob_111(elec): C = 5.1000e+03, instead of: 5.8000e+02 [cm^(5/3)/(V^(2/3)s)]
	EnormalMob_111(elec): lambda = 0.0233, instead of: 0.125 [1]
	EnormalMob_111(elec): delta = 3.5800e+18, instead of: 5.8200e+14 [cm^2/(Vs)]
	EnormalMob_111(elec): A = 2.58, instead of: 2 [1]
	EnormalMob_111(elec): alpha = 2.7400e-20, instead of: 0.0000e+00 [cm^3]
	EnormalMob_111(elec): nu = 0.0767, instead of: 1 [1]
	EnormalMob_111(elec): eta = 1.0000e+300, instead of: 5.8200e+30 [V^2/cm/s]
	EnormalMob_111(hole): B = 1.1300e+07, instead of: 9.9250e+06 [cm/s]
	EnormalMob_111(hole): C = 3.0500e+03, instead of: 2.9470e+03 [cm^(5/3)/(V^(2/3)s)]
	EnormalMob_111(hole): lambda = 0.0119, instead of: 0.0317 [1]
	EnormalMob_111(hole): delta = 4.1000e+15, instead of: 2.0546e+14 [cm^2/(Vs)]
	EnormalMob_111(hole): A = 2.18, instead of: 2 [1]
	EnormalMob_111(hole): alpha = 3.1300e-20, instead of: 0.0000e+00 [cm^3]
	EnormalMob_111(hole): nu = 0.123, instead of: 1 [1]
	EnormalMob_111(hole): eta = 1.0000e+300, instead of: 2.0546e+30 [V^2/cm/s]
	EnormalMob_111(elec)_aniso: B = 3.6100e+07, instead of: 4.7500e+07 [cm/s]
	EnormalMob_111(elec)_aniso: C = 5.1000e+03, instead of: 5.8000e+02 [cm^(5/3)/(V^(2/3)s)]
	EnormalMob_111(elec)_aniso: lambda = 0.0233, instead of: 0.125 [1]
	EnormalMob_111(elec)_aniso: delta = 3.5800e+18, instead of: 5.8200e+14 [cm^2/(Vs)]
	EnormalMob_111(elec)_aniso: A = 2.58, instead of: 2 [1]
	EnormalMob_111(elec)_aniso: alpha = 2.7400e-20, instead of: 0.0000e+00 [cm^3]
	EnormalMob_111(elec)_aniso: nu = 0.0767, instead of: 1 [1]
	EnormalMob_111(elec)_aniso: eta = 1.0000e+300, instead of: 5.8200e+30 [V^2/cm/s]
	EnormalMob_111(hole)_aniso: B = 1.1300e+07, instead of: 9.9250e+06 [cm/s]
	EnormalMob_111(hole)_aniso: C = 3.0500e+03, instead of: 2.9470e+03 [cm^(5/3)/(V^(2/3)s)]
	EnormalMob_111(hole)_aniso: lambda = 0.0119, instead of: 0.0317 [1]
	EnormalMob_111(hole)_aniso: delta = 4.1000e+15, instead of: 2.0546e+14 [cm^2/(Vs)]
	EnormalMob_111(hole)_aniso: A = 2.18, instead of: 2 [1]
	EnormalMob_111(hole)_aniso: alpha = 3.1300e-20, instead of: 0.0000e+00 [cm^3]
	EnormalMob_111(hole)_aniso: nu = 0.123, instead of: 1 [1]
	EnormalMob_111(hole)_aniso: eta = 1.0000e+300, instead of: 2.0546e+30 [V^2/cm/s]
	IALMob(elec): mumin = 56, instead of: 52.2 [cm^2/(Vs)]
	IALMob(elec): C = 4.8400e+04, instead of: 4.4000e+03 [cm^(5/3)/V^(2/3)/s]
	IALMob(elec): delta = 7.1500e+14, instead of: 3.9700e+13 [cm^2/(Vs)]
	IALMob(elec): lambda = 0.0000e+00, instead of: 0.057 [1]
	IALMob(elec): lambda_sr = 0.0000e+00, instead of: 0.057 [1]
	IALMob(elec): alpha_sr = 5.0000e-22, instead of: 0.0000e+00 [cm^3]
	IALMob(elec): D1_inv = 3.0000e+02, instead of: 1.3500e+02 [cm^2/(Vs)]
	IALMob(elec): D2_inv = 3.0000e+02, instead of: 40 [cm^2/(Vs)]
	IALMob(elec): l_crit = 1.0000e-06, instead of: 1.0000e+03 [cm]
	IALMob(elec): l_crit_c = 1.0000e-06, instead of: 1.0000e+03 [cm]
	IALMob(hole): mumax = 4.8600e+02, instead of: 4.7050e+02 [cm^2/(Vs)]
	IALMob(hole): mumin = 46, instead of: 44.9 [cm^2/(Vs)]
	IALMob(hole): B = 8.1000e+05, instead of: 9.0000e+05 [cm/s]
	IALMob(hole): C = 8.3600e+03, instead of: 4.4000e+03 [cm^(5/3)/V^(2/3)/s]
	IALMob(hole): delta = 2.5800e+14, instead of: 3.9700e+13 [cm^2/(Vs)]
	IALMob(hole): lambda = 0.0000e+00, instead of: 0.057 [1]
	IALMob(hole): lambda_sr = 0.0000e+00, instead of: 0.057 [1]
	IALMob(hole): D1_inv = 1.5000e+02, instead of: 1.3500e+02 [cm^2/(Vs)]
	IALMob(hole): D2_inv = 1.5000e+02, instead of: 40 [cm^2/(Vs)]
	IALMob(hole): l_crit = 1.0000e-06, instead of: 1.0000e+03 [cm]
	IALMob(hole): l_crit_c = 1.0000e-06, instead of: 1.0000e+03 [cm]
	IALMob_100(elec): mumin = 56, instead of: 52.2 [cm^2/(Vs)]
	IALMob_100(elec): C = 4.8400e+04, instead of: 4.4000e+03 [cm^(5/3)/V^(2/3)/s]
	IALMob_100(elec): delta = 7.1500e+14, instead of: 3.9700e+13 [cm^2/(Vs)]
	IALMob_100(elec): lambda = 0.0000e+00, instead of: 0.057 [1]
	IALMob_100(elec): lambda_sr = 0.0000e+00, instead of: 0.057 [1]
	IALMob_100(elec): alpha_sr = 5.0000e-22, instead of: 0.0000e+00 [cm^3]
	IALMob_100(elec): D1_inv = 3.0000e+02, instead of: 1.3500e+02 [cm^2/(Vs)]
	IALMob_100(elec): D2_inv = 3.0000e+02, instead of: 40 [cm^2/(Vs)]
	IALMob_100(elec): l_crit = 1.0000e-06, instead of: 1.0000e+03 [cm]
	IALMob_100(elec): l_crit_c = 1.0000e-06, instead of: 1.0000e+03 [cm]
	IALMob_100(hole): mumax = 4.8600e+02, instead of: 4.7050e+02 [cm^2/(Vs)]
	IALMob_100(hole): mumin = 46, instead of: 44.9 [cm^2/(Vs)]
	IALMob_100(hole): B = 8.1000e+05, instead of: 9.0000e+05 [cm/s]
	IALMob_100(hole): C = 8.3600e+03, instead of: 4.4000e+03 [cm^(5/3)/V^(2/3)/s]
	IALMob_100(hole): delta = 2.5800e+14, instead of: 3.9700e+13 [cm^2/(Vs)]
	IALMob_100(hole): lambda = 0.0000e+00, instead of: 0.057 [1]
	IALMob_100(hole): lambda_sr = 0.0000e+00, instead of: 0.057 [1]
	IALMob_100(hole): D1_inv = 1.5000e+02, instead of: 1.3500e+02 [cm^2/(Vs)]
	IALMob_100(hole): D2_inv = 1.5000e+02, instead of: 40 [cm^2/(Vs)]
	IALMob_100(hole): l_crit = 1.0000e-06, instead of: 1.0000e+03 [cm]
	IALMob_100(hole): l_crit_c = 1.0000e-06, instead of: 1.0000e+03 [cm]
	IALMob_110(elec): mumin = 56, instead of: 52.2 [cm^2/(Vs)]
	IALMob_110(elec): C = 1.7000e+04, instead of: 4.4000e+03 [cm^(5/3)/V^(2/3)/s]
	IALMob_110(elec): delta = 1.7900e+14, instead of: 3.9700e+13 [cm^2/(Vs)]
	IALMob_110(elec): lambda = 0.0000e+00, instead of: 0.057 [1]
	IALMob_110(elec): lambda_sr = 0.0000e+00, instead of: 0.057 [1]
	IALMob_110(elec): alpha_sr = 5.0000e-22, instead of: 0.0000e+00 [cm^3]
	IALMob_110(elec): D1_inv = 3.0000e+02, instead of: 1.3500e+02 [cm^2/(Vs)]
	IALMob_110(elec): D2_inv = 3.0000e+02, instead of: 40 [cm^2/(Vs)]
	IALMob_110(elec): l_crit = 1.0000e-06, instead of: 1.0000e+03 [cm]
	IALMob_110(elec): l_crit_c = 1.0000e-06, instead of: 1.0000e+03 [cm]
	IALMob_110(hole): mumax = 4.8600e+02, instead of: 4.7050e+02 [cm^2/(Vs)]
	IALMob_110(hole): mumin = 46, instead of: 44.9 [cm^2/(Vs)]
	IALMob_110(hole): C = 1.7000e+04, instead of: 4.4000e+03 [cm^(5/3)/V^(2/3)/s]
	IALMob_110(hole): delta = 3.2200e+14, instead of: 3.9700e+13 [cm^2/(Vs)]
	IALMob_110(hole): lambda = 0.0000e+00, instead of: 0.057 [1]
	IALMob_110(hole): lambda_sr = 0.0000e+00, instead of: 0.057 [1]
	IALMob_110(hole): D1_inv = 1.5000e+02, instead of: 1.3500e+02 [cm^2/(Vs)]
	IALMob_110(hole): D2_inv = 1.5000e+02, instead of: 40 [cm^2/(Vs)]
	IALMob_110(hole): l_crit = 1.0000e-06, instead of: 1.0000e+03 [cm]
	IALMob_110(hole): l_crit_c = 1.0000e-06, instead of: 1.0000e+03 [cm]
	IALMob_111(elec): mumin = 56, instead of: 52.2 [cm^2/(Vs)]
	IALMob_111(elec): B = 1.4000e+06, instead of: 9.0000e+05 [cm/s]
	IALMob_111(elec): C = 3.5000e+04, instead of: 4.4000e+03 [cm^(5/3)/V^(2/3)/s]
	IALMob_111(elec): delta = 1.7500e+14, instead of: 3.9700e+13 [cm^2/(Vs)]
	IALMob_111(elec): lambda = 0.0000e+00, instead of: 0.057 [1]
	IALMob_111(elec): lambda_sr = 0.0000e+00, instead of: 0.057 [1]
	IALMob_111(elec): alpha_sr = 5.0000e-22, instead of: 0.0000e+00 [cm^3]
	IALMob_111(elec): D1_inv = 3.5000e+02, instead of: 1.3500e+02 [cm^2/(Vs)]
	IALMob_111(elec): D2_inv = 3.5000e+02, instead of: 40 [cm^2/(Vs)]
	IALMob_111(elec): l_crit = 1.0000e-06, instead of: 1.0000e+03 [cm]
	IALMob_111(elec): l_crit_c = 1.0000e-06, instead of: 1.0000e+03 [cm]
	IALMob_111(hole): mumax = 4.8600e+02, instead of: 4.7050e+02 [cm^2/(Vs)]
	IALMob_111(hole): mumin = 46, instead of: 44.9 [cm^2/(Vs)]
	IALMob_111(hole): B = 1.0200e+06, instead of: 9.0000e+05 [cm/s]
	IALMob_111(hole): C = 1.0500e+04, instead of: 4.4000e+03 [cm^(5/3)/V^(2/3)/s]
	IALMob_111(hole): delta = 3.2500e+14, instead of: 3.9700e+13 [cm^2/(Vs)]
	IALMob_111(hole): lambda = 0.0000e+00, instead of: 0.057 [1]
	IALMob_111(hole): lambda_sr = 0.0000e+00, instead of: 0.057 [1]
	IALMob_111(hole): D1_inv = 1.7500e+02, instead of: 1.3500e+02 [cm^2/(Vs)]
	IALMob_111(hole): D2_inv = 1.7500e+02, instead of: 40 [cm^2/(Vs)]
	IALMob_111(hole): nu2_inv = 0.7, instead of: 0.5 [1]
	IALMob_111(hole): l_crit = 1.0000e-06, instead of: 1.0000e+03 [cm]
	IALMob_111(hole): l_crit_c = 1.0000e-06, instead of: 1.0000e+03 [cm]
	ThinLayerMobility_110(elec): zeta = 0.15, instead of: 2.88 [1]
	ThinLayerMobility_110(elec): p1 = 0.4, instead of: 0.55 [1]
	ThinLayerMobility_110(elec): p2 = 50, instead of: 4.0000e+02 [1]
	ThinLayerMobility_110(elec): p3 = 7, instead of: 1.44 [1]
	ThinLayerMobility_110(elec): mz1 = 0.315, instead of: 0.916 [m0]
	ThinLayerMobility_110(elec): wt01 = 3.5000e-07, instead of: 3.0000e-06 [um]
	ThinLayerMobility_110(elec): wt02 = 3.0000e-06, instead of: 3.5000e-07 [um]
	ThinLayerMobility_110(elec): muac01 = 85, instead of: 3.1500e+02 [cm^2/(Vs)]
	ThinLayerMobility_110(elec): muac02 = 3.0000e+02, instead of: 6.4 [cm^2/(Vs)]
	ThinLayerMobility_110(elec): mutf0 = 6.9000e-05, instead of: 0.15 [cm^2/(Vs)]
	ThinLayerMobility_110(elec): musp0 = 2.8000e-03, instead of: 1.1450e-08 [cm^2/(Vs)]
	ThinLayerMobility_110(elec): tsp0 = 2.7000e-04, instead of: 1.0000e-04 [um]
	ThinLayerMobility_110(elec): eta1 = 9.5, instead of: 6 [1]
	ThinLayerMobility_110(elec): eta2 = 1.5, instead of: 1 [1]
	ThinLayerMobility_110(hole): zeta = 8.2, instead of: 1.05 [1]
	ThinLayerMobility_110(hole): p1 = 0.1, instead of: 0.0000e+00 [1]
	ThinLayerMobility_110(hole): p2 = 2.0000e+06, instead of: 0.66 [1]
	ThinLayerMobility_110(hole): p3 = 4, instead of: 1 [1]
	ThinLayerMobility_110(hole): mz1 = 1.8, instead of: 0.29 [m0]
	ThinLayerMobility_110(hole): mz2 = 0.23, instead of: 0.25 [m0]
	ThinLayerMobility_110(hole): wt01 = 3.0000e-07, instead of: 0.0000e+00 [um]
	ThinLayerMobility_110(hole): wt02 = 1.0000e-05, instead of: 0.0000e+00 [um]
	ThinLayerMobility_110(hole): muac01 = 1.3000e+03, instead of: 30.2 [cm^2/(Vs)]
	ThinLayerMobility_110(hole): muac02 = 100, instead of: 69 [cm^2/(Vs)]
	ThinLayerMobility_110(hole): mutf0 = 5.1000e-03, instead of: 0.28 [cm^2/(Vs)]
	ThinLayerMobility_110(hole): musp0 = 5.0000e-05, instead of: 1.6000e-10 [cm^2/(Vs)]
	ThinLayerMobility_110(hole): tsp0 = 1.5000e-04, instead of: 1.0000e-04 [um]
	ThinLayerMobility_110(hole): ftf0 = 6.2500e+03, instead of: 1.0000e+100 [V/cm]
	ThinLayerMobility_110(hole): eta1 = 7.5, instead of: 6 [1]
	ThinLayerMobility_110(hole): eta2 = 1.5, instead of: 1 [1]
	ThinLayerMobility_110(hole): mutfh0 = 5.1, instead of: 1.0000e+06 [cm^2/(Vs)]
	ThinLayerMobility_110(hole): ftfh0 = 6.2500e+04, instead of: 1.0000e+100 [V/cm]
	ThinLayerMobility_111(elec): zeta = 0.15, instead of: 2.88 [1]
	ThinLayerMobility_111(elec): p1 = 0.4, instead of: 0.55 [1]
	ThinLayerMobility_111(elec): p2 = 50, instead of: 4.0000e+02 [1]
	ThinLayerMobility_111(elec): p3 = 7, instead of: 1.44 [1]
	ThinLayerMobility_111(elec): mz1 = 0.315, instead of: 0.916 [m0]
	ThinLayerMobility_111(elec): wt01 = 3.5000e-07, instead of: 3.0000e-06 [um]
	ThinLayerMobility_111(elec): wt02 = 3.0000e-06, instead of: 3.5000e-07 [um]
	ThinLayerMobility_111(elec): muac01 = 85, instead of: 3.1500e+02 [cm^2/(Vs)]
	ThinLayerMobility_111(elec): muac02 = 3.0000e+02, instead of: 6.4 [cm^2/(Vs)]
	ThinLayerMobility_111(elec): mutf0 = 6.9000e-05, instead of: 0.15 [cm^2/(Vs)]
	ThinLayerMobility_111(elec): musp0 = 2.8000e-03, instead of: 1.1450e-08 [cm^2/(Vs)]
	ThinLayerMobility_111(elec): tsp0 = 2.7000e-04, instead of: 1.0000e-04 [um]
	ThinLayerMobility_111(elec): eta1 = 9.5, instead of: 6 [1]
	ThinLayerMobility_111(elec): eta2 = 1.5, instead of: 1 [1]
	ThinLayerMobility_111(hole): zeta = 8.2, instead of: 1.05 [1]
	ThinLayerMobility_111(hole): p1 = 0.1, instead of: 0.0000e+00 [1]
	ThinLayerMobility_111(hole): p2 = 2.0000e+06, instead of: 0.66 [1]
	ThinLayerMobility_111(hole): p3 = 4, instead of: 1 [1]
	ThinLayerMobility_111(hole): mz1 = 1.8, instead of: 0.29 [m0]
	ThinLayerMobility_111(hole): mz2 = 0.23, instead of: 0.25 [m0]
	ThinLayerMobility_111(hole): wt01 = 3.0000e-07, instead of: 0.0000e+00 [um]
	ThinLayerMobility_111(hole): wt02 = 1.0000e-05, instead of: 0.0000e+00 [um]
	ThinLayerMobility_111(hole): muac01 = 1.3000e+03, instead of: 30.2 [cm^2/(Vs)]
	ThinLayerMobility_111(hole): muac02 = 100, instead of: 69 [cm^2/(Vs)]
	ThinLayerMobility_111(hole): mutf0 = 5.1000e-03, instead of: 0.28 [cm^2/(Vs)]
	ThinLayerMobility_111(hole): musp0 = 5.0000e-05, instead of: 1.6000e-10 [cm^2/(Vs)]
	ThinLayerMobility_111(hole): tsp0 = 1.5000e-04, instead of: 1.0000e-04 [um]
	ThinLayerMobility_111(hole): ftf0 = 6.2500e+03, instead of: 1.0000e+100 [V/cm]
	ThinLayerMobility_111(hole): eta1 = 7.5, instead of: 6 [1]
	ThinLayerMobility_111(hole): eta2 = 1.5, instead of: 1 [1]
	ThinLayerMobility_111(hole): mutfh0 = 5.1, instead of: 1.0000e+06 [cm^2/(Vs)]
	ThinLayerMobility_111(hole): ftfh0 = 6.2500e+04, instead of: 1.0000e+100 [V/cm]
	EffectiveStressModel_110(elec): alpha2 = 0.8, instead of: -1.7000e+00 [MPa]
	EffectiveStressModel_110(elec): alpha3 = -1.8000e+00, instead of: 0.7 [MPa]
	EffectiveStressModel_110(elec): mu0 = 3.2600e+02, instead of: 8.1000e+02 [cm^2/(Vs)]
	EffectiveStressModel_110(elec): a10 = 2.7000e+02, instead of: 5.6500e+02 [cm^2/(Vs)]
	EffectiveStressModel_110(elec): a11 = 0.0000e+00, instead of: -8.1000e+01 [cm^2/(Vs)]
	EffectiveStressModel_110(elec): a12 = 0.0000e+00, instead of: -4.4000e+01 [cm^2/(Vs)]
	EffectiveStressModel_110(elec): a20 = 7.6100e+02, instead of: 2.0280e+03 [cm^2/(Vs)]
	EffectiveStressModel_110(elec): a21 = 0.0000e+00, instead of: -1.9920e+03 [cm^2/(Vs)]
	EffectiveStressModel_110(elec): a22 = 0.0000e+00, instead of: 9.2000e+02 [cm^2/(Vs)]
	EffectiveStressModel_110(elec): s00 = 7.9900e+02, instead of: 1.3340e+03 [MPa]
	EffectiveStressModel_110(elec): s01 = 0.0000e+00, instead of: -2.6460e+03 [MPa]
	EffectiveStressModel_110(elec): s02 = 0.0000e+00, instead of: 8.7500e+02 [MPa]
	EffectiveStressModel_110(elec): t0 = 4.1700e+02, instead of: 8.8200e+02 [MPa]
	EffectiveStressModel_110(elec): t1 = 0.0000e+00, instead of: -9.8700e+02 [MPa]
	EffectiveStressModel_110(elec): t2 = 0.0000e+00, instead of: 6.0400e+02 [MPa]
	EffectiveStressModel_110(hole): alpha2 = -3.0000e-01, instead of: -4.0000e-01 [MPa]
	EffectiveStressModel_110(hole): alpha3 = -7.0000e-01, instead of: -6.0000e-01 [MPa]
	EffectiveStressModel_110(hole): beta13 = 0.0000e+00, instead of: -4.0000e-05 [MPa]
	EffectiveStressModel_110(hole): beta22 = 1.0000e-04, instead of: 6.0000e-05 [MPa]
	EffectiveStressModel_110(hole): beta23 = 0.0000e+00, instead of: -1.8000e-04 [MPa]
	EffectiveStressModel_110(hole): beta33 = 0.0000e+00, instead of: 1.1000e-04 [MPa]
	EffectiveStressModel_110(hole): mu0 = 1.2350e+03, instead of: 2.1200e+02 [cm^2/(Vs)]
	EffectiveStressModel_110(hole): a10 = 5.0500e+02, instead of: 2.4600e+03 [cm^2/(Vs)]
	EffectiveStressModel_110(hole): a11 = -3.6500e+02, instead of: 0.0000e+00 [cm^2/(Vs)]
	EffectiveStressModel_110(hole): a12 = 1.6400e+02, instead of: 0.0000e+00 [cm^2/(Vs)]
	EffectiveStressModel_110(hole): a20 = 9.1360e+03, instead of: 42 [cm^2/(Vs)]
	EffectiveStressModel_110(hole): a21 = -2.5027e+04, instead of: 0.0000e+00 [cm^2/(Vs)]
	EffectiveStressModel_110(hole): a22 = 2.4494e+04, instead of: 0.0000e+00 [cm^2/(Vs)]
	EffectiveStressModel_110(hole): s00 = -2.0840e+03, instead of: -1.3380e+03 [MPa]
	EffectiveStressModel_110(hole): s01 = 6.8790e+03, instead of: 0.0000e+00 [MPa]
	EffectiveStressModel_110(hole): s02 = -6.8960e+03, instead of: 0.0000e+00 [MPa]
	EffectiveStressModel_110(hole): t0 = -6.5000e+02, instead of: 5.2400e+02 [MPa]
	EffectiveStressModel_110(hole): F0 = 0.5, instead of: 1.0000e+10 [1]
	RCSMobility(elec): d_crit = 1.0000e-07, instead of: 0.0000e+00 [cm]
	RCSMobility(elec): l_crit = 7.7000e-08, instead of: 1.0000e-06 [cm]
	RCSMobility(hole): d_crit = 1.0000e-07, instead of: 0.0000e+00 [cm]
	RCSMobility(hole): l_crit = 7.7000e-08, instead of: 1.0000e-06 [cm]
	RPSMobility(elec): murps0 = 1.2418e+02, instead of: 4.9670e+02 [cm^2/(Vs)]
	RPSMobility(elec): d_crit = 1.0000e-07, instead of: 0.0000e+00 [cm]
	RPSMobility(elec): l_crit = 7.7000e-08, instead of: 1.0000e-06 [cm]
	RPSMobility(hole): murps0 = 1.2418e+02, instead of: 4.9670e+02 [cm^2/(Vs)]
	RPSMobility(hole): d_crit = 1.0000e-07, instead of: 0.0000e+00 [cm]
	RPSMobility(hole): l_crit = 7.7000e-08, instead of: 1.0000e-06 [cm]
	Lombardi_highk: alpha_lom_e = 0
	Lombardi_highk: alpha_lom_h = 0
	Lombardi_highk: alpha_rcs_e = 0
	Lombardi_highk: alpha_rcs_h = 0
	Lombardi_highk: alpha_rps_e = 4
	Lombardi_highk: alpha_rps_h = 4
	Lombardi_highk: d_crit_rcs_e = 1e-07
	Lombardi_highk: d_crit_rcs_h = 1e-07
	Lombardi_highk: l_crit_rcs_e = 7.7e-08
	Lombardi_highk: l_crit_rcs_h = 7.7e-08
	Lombardi_highk: d_crit_rps_e = 1e-07
	Lombardi_highk: d_crit_rps_h = 1e-07
	Lombardi_highk: l_crit_rps_e = 7.7e-08
	Lombardi_highk: l_crit_rps_h = 7.7e-08
	NegInterfaceChargeMob(elec): mu1 = 2.5000e+02, instead of: 40 [cm^2/Vs]
	NegInterfaceChargeMob(elec): c_exp = 0.5, instead of: 1.5 [1]
	NegInterfaceChargeMob(elec): l_crit = 7.7000e-08, instead of: 1.0000e-06 [cm]
	NegInterfaceChargeMob(elec): E0 = 1.0000e-06, instead of: 2.0000e+05 [V/cm]
	NegInterfaceChargeMob(hole): mu1 = 2.5000e+02, instead of: 40 [cm^2/Vs]
	NegInterfaceChargeMob(hole): c_exp = 0.5, instead of: 1.5 [1]
	NegInterfaceChargeMob(hole): l_crit = 7.7000e-08, instead of: 1.0000e-06 [cm]
	NegInterfaceChargeMob(hole): E0 = 1.0000e-06, instead of: 2.0000e+05 [V/cm]
	NegInterfaceChargeMob(elec): mu1 = 2.5000e+02, instead of: 40 [cm^2/Vs]
	NegInterfaceChargeMob(elec): c_exp = 0.5, instead of: 1.5 [1]
	NegInterfaceChargeMob(elec): l_crit = 7.7000e-08, instead of: 1.0000e-06 [cm]
	NegInterfaceChargeMob(elec): E0 = 1.0000e-06, instead of: 2.0000e+05 [V/cm]
	NegInterfaceChargeMob(hole): mu1 = 2.5000e+02, instead of: 40 [cm^2/Vs]
	NegInterfaceChargeMob(hole): c_exp = 0.5, instead of: 1.5 [1]
	NegInterfaceChargeMob(hole): l_crit = 7.7000e-08, instead of: 1.0000e-06 [cm]
	NegInterfaceChargeMob(hole): E0 = 1.0000e-06, instead of: 2.0000e+05 [V/cm]
	PosInterfaceChargeMob(elec): mu1 = 2.5000e+02, instead of: 40 [cm^2/Vs]
	PosInterfaceChargeMob(elec): c_exp = 0.5, instead of: 1.5 [1]
	PosInterfaceChargeMob(elec): l_crit = 7.7000e-08, instead of: 1.0000e-06 [cm]
	PosInterfaceChargeMob(elec): E0 = 1.0000e-06, instead of: 2.0000e+05 [V/cm]
	PosInterfaceChargeMob(hole): mu1 = 2.5000e+02, instead of: 40 [cm^2/Vs]
	PosInterfaceChargeMob(hole): c_exp = 0.5, instead of: 1.5 [1]
	PosInterfaceChargeMob(hole): l_crit = 7.7000e-08, instead of: 1.0000e-06 [cm]
	PosInterfaceChargeMob(hole): E0 = 1.0000e-06, instead of: 2.0000e+05 [V/cm]
	PosInterfaceChargeMob(elec): mu1 = 2.5000e+02, instead of: 40 [cm^2/Vs]
	PosInterfaceChargeMob(elec): c_exp = 0.5, instead of: 1.5 [1]
	PosInterfaceChargeMob(elec): l_crit = 7.7000e-08, instead of: 1.0000e-06 [cm]
	PosInterfaceChargeMob(elec): E0 = 1.0000e-06, instead of: 2.0000e+05 [V/cm]
	PosInterfaceChargeMob(hole): mu1 = 2.5000e+02, instead of: 40 [cm^2/Vs]
	PosInterfaceChargeMob(hole): c_exp = 0.5, instead of: 1.5 [1]
	PosInterfaceChargeMob(hole): l_crit = 7.7000e-08, instead of: 1.0000e-06 [cm]
	PosInterfaceChargeMob(hole): E0 = 1.0000e-06, instead of: 2.0000e+05 [V/cm]
	UniBo2: a0_e = 4.65403
	UniBo2: a1_e = -0.00876031
	UniBo2: a2_e = 1.34037e-05
	UniBo2: a3_e = -2.75108e-09
	UniBo2: b0_e = -0.128302
	UniBo2: b1_e = 0.00445552
	UniBo2: b2_e = -1.0866e-05
	UniBo2: b3_e = 9.23119e-09
	UniBo2: b4_e = -1.82482e-12
	UniBo2: b5_e = -4.82689e-15
	UniBo2: b6_e = 1.09402e-17
	UniBo2: b7_e = -1.24961e-20
	UniBo2: b8_e = 7.55584e-24
	UniBo2: b9_e = -2.28615e-27
	UniBo2: b10_e = 2.73344e-31
	UniBo2: c0_e = 7762.21
	UniBo2: c1_e = 25.1889
	UniBo2: c2_e = -0.00137417
	UniBo2: c3_e = 0.000159525
	UniBo2: d0_e = 710481
	UniBo2: d1_e = 3985.94
	UniBo2: d2_e = -7.19956
	UniBo2: d3_e = 0.00696431
	UniBo2: a0_h = 2.26018
	UniBo2: a1_h = 0.0134001
	UniBo2: a2_h = -5.87724e-06
	UniBo2: a3_h = -1.14021e-09
	UniBo2: b0_h = 0.058547
	UniBo2: b1_h = -0.000195755
	UniBo2: b2_h = 2.44357e-07
	UniBo2: b3_h = -1.33202e-10
	UniBo2: b4_h = 2.68082e-14
	UniBo2: b5_h = 0
	UniBo2: b6_h = 0
	UniBo2: b7_h = 0
	UniBo2: b8_h = 0
	UniBo2: b9_h = 0
	UniBo2: b10_h = 0
	UniBo2: c0_h = 19539.9
	UniBo2: c1_h = -104.441
	UniBo2: c2_h = 0.498768
	UniBo2: c3_h = 0
	UniBo2: d0_h = 2.07712e+06
	UniBo2: d1_h = 993.153
	UniBo2: d2_h = 7.77769
	UniBo2: d3_h = 0
	Band2BandTunneling: Using parameter set (APath,BPath,Rpath,Ppath,Dcpath,Dvpath)
	SchottkyResistance(hole): mt = 0.16, instead of: 0.19 [1]
	DirectTunnelling: m_dos_h = 0.0000e+00, instead of: 0.3 [m0]

	Electron valleys are changed:
	eValley(0.914, 0.196, 0.196, 0.0000e+00, 2, 0.5) 	 #[1,1,1,eV,1,eV^-1] 
	eValley(0.196, 0.914, 0.196, 0.0000e+00, 2, 0.5) 	 #[1,1,1,eV,1,eV^-1] 
	eValley(0.196, 0.196, 0.914, 0.0000e+00, 2, 0.5) 	 #[1,1,1,eV,1,eV^-1] 

	Hole valleys are changed:
	hValley(0.16, 0.16, 0.16, 0.0000e+00, 1, 0.0000e+00) 	 #[1,1,1,eV,1,eV^-1] 
	hValley(0.49, 0.49, 0.49, 0.0000e+00, 1, 0.0000e+00) 	 #[1,1,1,eV,1,eV^-1] 
	LatticeParam: DC2(0) = (9.93, 0.77, 0.77, 0.0000e+00, 0.0000e+00, 0.0000e+00) [eV],
	instead of: DC2(0) = (0.9, -8.6000e+00, -8.6000e+00, 0.0000e+00, 0.0000e+00, 0.0000e+00) [eV]
	LatticeParam: DC2(1) = (0.77, 9.93, 0.77, 0.0000e+00, 0.0000e+00, 0.0000e+00) [eV],
	instead of: DC2(1) = (-8.6000e+00, 0.9, -8.6000e+00, 0.0000e+00, 0.0000e+00, 0.0000e+00) [eV]
	LatticeParam: DC2(2) = (0.77, 0.77, 9.93, 0.0000e+00, 0.0000e+00, 0.0000e+00) [eV],
	instead of: DC2(2) = (-8.6000e+00, -8.6000e+00, 0.9, 0.0000e+00, 0.0000e+00, 0.0000e+00) [eV]
	LatticeParam: DV2(0) = (2.1, 2.1, 2.1, 1, -4.7500e+00, -4.7500e+00) [eV],
	instead of: DV2(0) = (-2.1000e+00, -2.1000e+00, -2.1000e+00, -1.0000e+00, 0.5, 4) [eV]
	LatticeParam: DV2(1) = (2.1, 2.1, 2.1, -1.0000e+00, -4.7500e+00, -4.7500e+00) [eV],
	instead of: DV2(1) = (-2.1000e+00, -2.1000e+00, -2.1000e+00, 1, 0.5, 4) [eV]
	StressMobility: Nref = 2.0000e+17, instead of: 3.0000e+19 [cm^-3]
	Schottky: Pinning_CNL = 4.7727, instead of: 5.01964 [cm-3]


=======
Region: "R.GateOx"
  (material is "Oxide")
=======
  Using default lattice crystal coordinate system:
    effective LatticeParameters:
      X = (1, 0.0000e+00, 0.0000e+00)
      Y = (0.0000e+00, 1, 0.0000e+00)
      Z = (0.0000e+00, 0.0000e+00, 1)
  Constants are not modified and equal to default ones

=======
Region: "R.Poly"
  (material is "PolySi")
=======
  Using default lattice crystal coordinate system:
    effective LatticeParameters:
      X = (1, 0.0000e+00, 0.0000e+00)
      Y = (0.0000e+00, 1, 0.0000e+00)
      Z = (0.0000e+00, 0.0000e+00, 1)
  Constants are not modified and equal to default ones

=======
Region: "R.STI.Left"
  (material is "Oxide")
=======
  Using default lattice crystal coordinate system:
    effective LatticeParameters:
      X = (1, 0.0000e+00, 0.0000e+00)
      Y = (0.0000e+00, 1, 0.0000e+00)
      Z = (0.0000e+00, 0.0000e+00, 1)
  Constants are not modified and equal to default ones

=======
Region: "R.STI.Right"
  (material is "Oxide")
=======
  Using default lattice crystal coordinate system:
    effective LatticeParameters:
      X = (1, 0.0000e+00, 0.0000e+00)
      Y = (0.0000e+00, 1, 0.0000e+00)
      Z = (0.0000e+00, 0.0000e+00, 1)
  Constants are not modified and equal to default ones

=======
Region: "R.Silicide.Left"
  (material is "Silicide")
=======
  Using default lattice crystal coordinate system:
    effective LatticeParameters:
      X = (1, 0.0000e+00, 0.0000e+00)
      Y = (0.0000e+00, 1, 0.0000e+00)
      Z = (0.0000e+00, 0.0000e+00, 1)
  Constants are not modified and equal to default ones

=======
Region: "R.Silicide.Right"
  (material is "Silicide")
=======
  Using default lattice crystal coordinate system:
    effective LatticeParameters:
      X = (1, 0.0000e+00, 0.0000e+00)
      Y = (0.0000e+00, 1, 0.0000e+00)
      Z = (0.0000e+00, 0.0000e+00, 1)
  Constants are not modified and equal to default ones

=======
Region: "R.Spacer.Left"
  (material is "Nitride")
=======
  Using default lattice crystal coordinate system:
    effective LatticeParameters:
      X = (1, 0.0000e+00, 0.0000e+00)
      Y = (0.0000e+00, 1, 0.0000e+00)
      Z = (0.0000e+00, 0.0000e+00, 1)
  Constants are not modified and equal to default ones

=======
Region: "R.Spacer.Right"
  (material is "Nitride")
=======
  Using default lattice crystal coordinate system:
    effective LatticeParameters:
      X = (1, 0.0000e+00, 0.0000e+00)
      Y = (0.0000e+00, 1, 0.0000e+00)
      Z = (0.0000e+00, 0.0000e+00, 1)
  Constants are not modified and equal to default ones

=======
Region: "R.Substrate"
  (material is "Silicon")
=======
  Model: "Bandgap"
    Parameter "Chi0" is modified from 4.05 to 4.0727
    Parameter "Eg0" is modified from 1.16964 to 1.12416
    Parameter "Tpar" is modified from 0 to 300
    Parameter "dEg0(OldSlotboom)" is modified from -0.01595 to 0
  Model: "DirectTunneling"
    Parameter "m_dos_h" is modified from 0.3 to 0
  Model: "EffectiveStressModel_electron_100"
    Parameter "F0" is new with value equal to 1e+10
    Parameter "F_fixed" is new with value equal to -1
    Parameter "a10" is new with value equal to 565
    Parameter "a11" is new with value equal to -81
    Parameter "a12" is new with value equal to -44
    Parameter "a20" is new with value equal to 2028
    Parameter "a21" is new with value equal to -1992
    Parameter "a22" is new with value equal to 920
    Parameter "alpha1" is new with value equal to 1
    Parameter "alpha2" is new with value equal to -1.7
    Parameter "alpha3" is new with value equal to 0.7
    Parameter "beta11" is new with value equal to 0
    Parameter "beta12" is new with value equal to 0
    Parameter "beta13" is new with value equal to 0
    Parameter "beta22" is new with value equal to 0
    Parameter "beta23" is new with value equal to 0
    Parameter "beta33" is new with value equal to 0
    Parameter "mu0" is new with value equal to 810
    Parameter "s00" is new with value equal to 1334
    Parameter "s01" is new with value equal to -2646
    Parameter "s02" is new with value equal to 875
    Parameter "t0" is new with value equal to 882
    Parameter "t1" is new with value equal to -987
    Parameter "t2" is new with value equal to 604
  Model: "EffectiveStressModel_electron_110"
    Parameter "F0" is new with value equal to 1e+10
    Parameter "F_fixed" is new with value equal to -1
    Parameter "a10" is new with value equal to 270
    Parameter "a11" is new with value equal to 0
    Parameter "a12" is new with value equal to 0
    Parameter "a20" is new with value equal to 761
    Parameter "a21" is new with value equal to 0
    Parameter "a22" is new with value equal to 0
    Parameter "alpha1" is new with value equal to 1
    Parameter "alpha2" is new with value equal to 0.8
    Parameter "alpha3" is new with value equal to -1.8
    Parameter "beta11" is new with value equal to 0
    Parameter "beta12" is new with value equal to 0
    Parameter "beta13" is new with value equal to 0
    Parameter "beta22" is new with value equal to 0
    Parameter "beta23" is new with value equal to 0
    Parameter "beta33" is new with value equal to 0
    Parameter "mu0" is new with value equal to 326
    Parameter "s00" is new with value equal to 799
    Parameter "s01" is new with value equal to 0
    Parameter "s02" is new with value equal to 0
    Parameter "t0" is new with value equal to 417
    Parameter "t1" is new with value equal to 0
    Parameter "t2" is new with value equal to 0
  Model: "EffectiveStressModel_hole_100"
    Parameter "F0" is new with value equal to 1e+10
    Parameter "F_fixed" is new with value equal to -1
    Parameter "a10" is new with value equal to 2460
    Parameter "a11" is new with value equal to 0
    Parameter "a12" is new with value equal to 0
    Parameter "a20" is new with value equal to 42
    Parameter "a21" is new with value equal to 0
    Parameter "a22" is new with value equal to 0
    Parameter "alpha1" is new with value equal to 1
    Parameter "alpha2" is new with value equal to -0.4
    Parameter "alpha3" is new with value equal to -0.6
    Parameter "beta11" is new with value equal to 0
    Parameter "beta12" is new with value equal to 0
    Parameter "beta13" is new with value equal to -4e-05
    Parameter "beta22" is new with value equal to 6e-05
    Parameter "beta23" is new with value equal to -0.00018
    Parameter "beta33" is new with value equal to 0.00011
    Parameter "mu0" is new with value equal to 212
    Parameter "s00" is new with value equal to -1338
    Parameter "s01" is new with value equal to 0
    Parameter "s02" is new with value equal to 0
    Parameter "t0" is new with value equal to 524
    Parameter "t1" is new with value equal to 0
    Parameter "t2" is new with value equal to 0
  Model: "EffectiveStressModel_hole_110"
    Parameter "F0" is new with value equal to 0.5
    Parameter "F_fixed" is new with value equal to -1
    Parameter "a10" is new with value equal to 505
    Parameter "a11" is new with value equal to -365
    Parameter "a12" is new with value equal to 164
    Parameter "a20" is new with value equal to 9136
    Parameter "a21" is new with value equal to -25027
    Parameter "a22" is new with value equal to 24494
    Parameter "alpha1" is new with value equal to 1
    Parameter "alpha2" is new with value equal to -0.3
    Parameter "alpha3" is new with value equal to -0.7
    Parameter "beta11" is new with value equal to 0
    Parameter "beta12" is new with value equal to 0
    Parameter "beta13" is new with value equal to 0
    Parameter "beta22" is new with value equal to 0.0001
    Parameter "beta23" is new with value equal to 0
    Parameter "beta33" is new with value equal to 0
    Parameter "mu0" is new with value equal to 1235
    Parameter "s00" is new with value equal to -2084
    Parameter "s01" is new with value equal to 6879
    Parameter "s02" is new with value equal to -6896
    Parameter "t0" is new with value equal to -650
    Parameter "t1" is new with value equal to 0
    Parameter "t2" is new with value equal to 0
  Model: "EnormalDependence_electron_100"
    Parameter "A" is new with value equal to 2.58
    Parameter "B" is new with value equal to 2.71e+07
    Parameter "C" is new with value equal to 13600
    Parameter "N0" is new with value equal to 1
    Parameter "N1" is new with value equal to 1
    Parameter "N2" is new with value equal to 1
    Parameter "a_ac" is new with value equal to 1
    Parameter "a_sr" is new with value equal to 1
    Parameter "alpha" is new with value equal to 2.74e-20
    Parameter "aother" is new with value equal to 0
    Parameter "delta" is new with value equal to 3.58e+18
    Parameter "deltheta" is new with value equal to 0
    Parameter "eta" is new with value equal to 1e+300
    Parameter "k" is new with value equal to 1
    Parameter "l_crit" is new with value equal to 1e-06
    Parameter "lambda" is new with value equal to 0.0233
    Parameter "maxexp" is new with value equal to 1e+100
    Parameter "nu" is new with value equal to 0.0767
    Parameter "tc" is new with value equal to 15
  Model: "EnormalDependence_electron_110"
    Parameter "A" is new with value equal to 2.688
    Parameter "B" is new with value equal to 1.805e+07
    Parameter "C" is new with value equal to 5100
    Parameter "N0" is new with value equal to 1
    Parameter "N1" is new with value equal to 1
    Parameter "N2" is new with value equal to 1
    Parameter "a_ac" is new with value equal to 1
    Parameter "a_sr" is new with value equal to 1
    Parameter "alpha" is new with value equal to 2.74e-20
    Parameter "aother" is new with value equal to 0
    Parameter "delta" is new with value equal to 1.79e+18
    Parameter "deltheta" is new with value equal to 0
    Parameter "eta" is new with value equal to 1e+300
    Parameter "k" is new with value equal to 1
    Parameter "l_crit" is new with value equal to 1e-06
    Parameter "lambda" is new with value equal to 0.0233
    Parameter "maxexp" is new with value equal to 1e+100
    Parameter "nu" is new with value equal to 0.0767
    Parameter "tc" is new with value equal to 15
  Model: "EnormalDependence_electron_110/100"
    Parameter "A" is new with value equal to 2.688
    Parameter "B" is new with value equal to 1.805e+07
    Parameter "C" is new with value equal to 5100
    Parameter "N0" is new with value equal to 1
    Parameter "N1" is new with value equal to 1
    Parameter "N2" is new with value equal to 1
    Parameter "a_ac" is new with value equal to 1
    Parameter "a_sr" is new with value equal to 1
    Parameter "alpha" is new with value equal to 2.74e-20
    Parameter "aother" is new with value equal to 0
    Parameter "delta" is new with value equal to 1.79e+18
    Parameter "deltheta" is new with value equal to 0
    Parameter "eta" is new with value equal to 1e+300
    Parameter "k" is new with value equal to 1
    Parameter "l_crit" is new with value equal to 1e-06
    Parameter "lambda" is new with value equal to 0.0233
    Parameter "maxexp" is new with value equal to 1e+100
    Parameter "nu" is new with value equal to 0.0767
    Parameter "tc" is new with value equal to 15
  Model: "EnormalDependence_electron_111"
    Parameter "A" is new with value equal to 2.58
    Parameter "B" is new with value equal to 3.61e+07
    Parameter "C" is new with value equal to 5100
    Parameter "N0" is new with value equal to 1
    Parameter "N1" is new with value equal to 1
    Parameter "N2" is new with value equal to 1
    Parameter "a_ac" is new with value equal to 1
    Parameter "a_sr" is new with value equal to 1
    Parameter "alpha" is new with value equal to 2.74e-20
    Parameter "aother" is new with value equal to 0
    Parameter "delta" is new with value equal to 3.58e+18
    Parameter "deltheta" is new with value equal to 0
    Parameter "eta" is new with value equal to 1e+300
    Parameter "k" is new with value equal to 1
    Parameter "l_crit" is new with value equal to 1e-06
    Parameter "lambda" is new with value equal to 0.0233
    Parameter "maxexp" is new with value equal to 1e+100
    Parameter "nu" is new with value equal to 0.0767
    Parameter "tc" is new with value equal to 15
  Model: "EnormalDependence_electron_aniso_100"
    Parameter "A" is new with value equal to 2.58
    Parameter "B" is new with value equal to 2.71e+07
    Parameter "C" is new with value equal to 13600
    Parameter "N0" is new with value equal to 1
    Parameter "N1" is new with value equal to 1
    Parameter "N2" is new with value equal to 1
    Parameter "a_ac" is new with value equal to 1
    Parameter "a_sr" is new with value equal to 1
    Parameter "alpha" is new with value equal to 2.74e-20
    Parameter "aother" is new with value equal to 0
    Parameter "delta" is new with value equal to 3.58e+18
    Parameter "deltheta" is new with value equal to 0
    Parameter "eta" is new with value equal to 1e+300
    Parameter "k" is new with value equal to 1
    Parameter "l_crit" is new with value equal to 1e-06
    Parameter "lambda" is new with value equal to 0.0233
    Parameter "maxexp" is new with value equal to 1e+100
    Parameter "nu" is new with value equal to 0.0767
    Parameter "tc" is new with value equal to 15
  Model: "EnormalDependence_electron_aniso_110"
    Parameter "A" is new with value equal to 2.688
    Parameter "B" is new with value equal to 1.805e+07
    Parameter "C" is new with value equal to 5100
    Parameter "N0" is new with value equal to 1
    Parameter "N1" is new with value equal to 1
    Parameter "N2" is new with value equal to 1
    Parameter "a_ac" is new with value equal to 1
    Parameter "a_sr" is new with value equal to 1
    Parameter "alpha" is new with value equal to 2.74e-20
    Parameter "aother" is new with value equal to 0
    Parameter "delta" is new with value equal to 1.79e+18
    Parameter "deltheta" is new with value equal to 0
    Parameter "eta" is new with value equal to 1e+300
    Parameter "k" is new with value equal to 1
    Parameter "l_crit" is new with value equal to 1e-06
    Parameter "lambda" is new with value equal to 0.0233
    Parameter "maxexp" is new with value equal to 1e+100
    Parameter "nu" is new with value equal to 0.0767
    Parameter "tc" is new with value equal to 15
  Model: "EnormalDependence_electron_aniso_110/100"
    Parameter "A" is new with value equal to 2.688
    Parameter "B" is new with value equal to 1.805e+07
    Parameter "C" is new with value equal to 5100
    Parameter "N0" is new with value equal to 1
    Parameter "N1" is new with value equal to 1
    Parameter "N2" is new with value equal to 1
    Parameter "a_ac" is new with value equal to 1
    Parameter "a_sr" is new with value equal to 1
    Parameter "alpha" is new with value equal to 2.74e-20
    Parameter "aother" is new with value equal to 0
    Parameter "delta" is new with value equal to 1.79e+18
    Parameter "deltheta" is new with value equal to 0
    Parameter "eta" is new with value equal to 1e+300
    Parameter "k" is new with value equal to 1
    Parameter "l_crit" is new with value equal to 1e-06
    Parameter "lambda" is new with value equal to 0.0233
    Parameter "maxexp" is new with value equal to 1e+100
    Parameter "nu" is new with value equal to 0.0767
    Parameter "tc" is new with value equal to 15
  Model: "EnormalDependence_electron_aniso_111"
    Parameter "A" is new with value equal to 2.58
    Parameter "B" is new with value equal to 3.61e+07
    Parameter "C" is new with value equal to 5100
    Parameter "N0" is new with value equal to 1
    Parameter "N1" is new with value equal to 1
    Parameter "N2" is new with value equal to 1
    Parameter "a_ac" is new with value equal to 1
    Parameter "a_sr" is new with value equal to 1
    Parameter "alpha" is new with value equal to 2.74e-20
    Parameter "aother" is new with value equal to 0
    Parameter "delta" is new with value equal to 3.58e+18
    Parameter "deltheta" is new with value equal to 0
    Parameter "eta" is new with value equal to 1e+300
    Parameter "k" is new with value equal to 1
    Parameter "l_crit" is new with value equal to 1e-06
    Parameter "lambda" is new with value equal to 0.0233
    Parameter "maxexp" is new with value equal to 1e+100
    Parameter "nu" is new with value equal to 0.0767
    Parameter "tc" is new with value equal to 15
  Model: "EnormalDependence_hole_100"
    Parameter "A" is new with value equal to 2.18
    Parameter "B" is new with value equal to 1.13e+07
    Parameter "C" is new with value equal to 3050
    Parameter "N0" is new with value equal to 1
    Parameter "N1" is new with value equal to 1
    Parameter "N2" is new with value equal to 1
    Parameter "a_ac" is new with value equal to 1
    Parameter "a_sr" is new with value equal to 1
    Parameter "alpha" is new with value equal to 3.13e-20
    Parameter "aother" is new with value equal to 0
    Parameter "delta" is new with value equal to 4.1e+15
    Parameter "deltheta" is new with value equal to 0
    Parameter "eta" is new with value equal to 1e+300
    Parameter "k" is new with value equal to 1
    Parameter "l_crit" is new with value equal to 1e-06
    Parameter "lambda" is new with value equal to 0.0119
    Parameter "maxexp" is new with value equal to 1e+100
    Parameter "nu" is new with value equal to 0.123
    Parameter "tc" is new with value equal to 15
  Model: "EnormalDependence_hole_110"
    Parameter "A" is new with value equal to 2.18
    Parameter "B" is new with value equal to 3.02e+07
    Parameter "C" is new with value equal to 16720
    Parameter "N0" is new with value equal to 1
    Parameter "N1" is new with value equal to 1
    Parameter "N2" is new with value equal to 1
    Parameter "a_ac" is new with value equal to 1
    Parameter "a_sr" is new with value equal to 1
    Parameter "alpha" is new with value equal to 3.13e-20
    Parameter "aother" is new with value equal to 0
    Parameter "delta" is new with value equal to 1.23e+16
    Parameter "deltheta" is new with value equal to 0
    Parameter "eta" is new with value equal to 1e+300
    Parameter "k" is new with value equal to 1
    Parameter "l_crit" is new with value equal to 1e-06
    Parameter "lambda" is new with value equal to 0.0119
    Parameter "maxexp" is new with value equal to 1e+100
    Parameter "nu" is new with value equal to 0.123
    Parameter "tc" is new with value equal to 15
  Model: "EnormalDependence_hole_110/100"
    Parameter "A" is new with value equal to 2.18
    Parameter "B" is new with value equal to 3.02e+07
    Parameter "C" is new with value equal to 8360
    Parameter "N0" is new with value equal to 1
    Parameter "N1" is new with value equal to 1
    Parameter "N2" is new with value equal to 1
    Parameter "a_ac" is new with value equal to 1
    Parameter "a_sr" is new with value equal to 1
    Parameter "alpha" is new with value equal to 3.13e-20
    Parameter "aother" is new with value equal to 0
    Parameter "delta" is new with value equal to 4.1e+15
    Parameter "deltheta" is new with value equal to 0
    Parameter "eta" is new with value equal to 1e+300
    Parameter "k" is new with value equal to 1
    Parameter "l_crit" is new with value equal to 1e-06
    Parameter "lambda" is new with value equal to 0.0119
    Parameter "maxexp" is new with value equal to 1e+100
    Parameter "nu" is new with value equal to 0.123
    Parameter "tc" is new with value equal to 15
  Model: "EnormalDependence_hole_111"
    Parameter "A" is new with value equal to 2.18
    Parameter "B" is new with value equal to 1.13e+07
    Parameter "C" is new with value equal to 3050
    Parameter "N0" is new with value equal to 1
    Parameter "N1" is new with value equal to 1
    Parameter "N2" is new with value equal to 1
    Parameter "a_ac" is new with value equal to 1
    Parameter "a_sr" is new with value equal to 1
    Parameter "alpha" is new with value equal to 3.13e-20
    Parameter "aother" is new with value equal to 0
    Parameter "delta" is new with value equal to 4.1e+15
    Parameter "deltheta" is new with value equal to 0
    Parameter "eta" is new with value equal to 1e+300
    Parameter "k" is new with value equal to 1
    Parameter "l_crit" is new with value equal to 1e-06
    Parameter "lambda" is new with value equal to 0.0119
    Parameter "maxexp" is new with value equal to 1e+100
    Parameter "nu" is new with value equal to 0.123
    Parameter "tc" is new with value equal to 15
  Model: "EnormalDependence_hole_aniso_100"
    Parameter "A" is new with value equal to 2.18
    Parameter "B" is new with value equal to 1.13e+07
    Parameter "C" is new with value equal to 3050
    Parameter "N0" is new with value equal to 1
    Parameter "N1" is new with value equal to 1
    Parameter "N2" is new with value equal to 1
    Parameter "a_ac" is new with value equal to 1
    Parameter "a_sr" is new with value equal to 1
    Parameter "alpha" is new with value equal to 3.13e-20
    Parameter "aother" is new with value equal to 0
    Parameter "delta" is new with value equal to 4.1e+15
    Parameter "deltheta" is new with value equal to 0
    Parameter "eta" is new with value equal to 1e+300
    Parameter "k" is new with value equal to 1
    Parameter "l_crit" is new with value equal to 1e-06
    Parameter "lambda" is new with value equal to 0.0119
    Parameter "maxexp" is new with value equal to 1e+100
    Parameter "nu" is new with value equal to 0.123
    Parameter "tc" is new with value equal to 15
  Model: "EnormalDependence_hole_aniso_110"
    Parameter "A" is new with value equal to 2.18
    Parameter "B" is new with value equal to 3.02e+07
    Parameter "C" is new with value equal to 16720
    Parameter "N0" is new with value equal to 1
    Parameter "N1" is new with value equal to 1
    Parameter "N2" is new with value equal to 1
    Parameter "a_ac" is new with value equal to 1
    Parameter "a_sr" is new with value equal to 1
    Parameter "alpha" is new with value equal to 3.13e-20
    Parameter "aother" is new with value equal to 0
    Parameter "delta" is new with value equal to 1.23e+16
    Parameter "deltheta" is new with value equal to 0
    Parameter "eta" is new with value equal to 1e+300
    Parameter "k" is new with value equal to 1
    Parameter "l_crit" is new with value equal to 1e-06
    Parameter "lambda" is new with value equal to 0.0119
    Parameter "maxexp" is new with value equal to 1e+100
    Parameter "nu" is new with value equal to 0.123
    Parameter "tc" is new with value equal to 15
  Model: "EnormalDependence_hole_aniso_110/100"
    Parameter "A" is new with value equal to 2.18
    Parameter "B" is new with value equal to 3.02e+07
    Parameter "C" is new with value equal to 8360
    Parameter "N0" is new with value equal to 1
    Parameter "N1" is new with value equal to 1
    Parameter "N2" is new with value equal to 1
    Parameter "a_ac" is new with value equal to 1
    Parameter "a_sr" is new with value equal to 1
    Parameter "alpha" is new with value equal to 3.13e-20
    Parameter "aother" is new with value equal to 0
    Parameter "delta" is new with value equal to 4.1e+15
    Parameter "deltheta" is new with value equal to 0
    Parameter "eta" is new with value equal to 1e+300
    Parameter "k" is new with value equal to 1
    Parameter "l_crit" is new with value equal to 1e-06
    Parameter "lambda" is new with value equal to 0.0119
    Parameter "maxexp" is new with value equal to 1e+100
    Parameter "nu" is new with value equal to 0.123
    Parameter "tc" is new with value equal to 15
  Model: "EnormalDependence_hole_aniso_111"
    Parameter "A" is new with value equal to 2.18
    Parameter "B" is new with value equal to 1.13e+07
    Parameter "C" is new with value equal to 3050
    Parameter "N0" is new with value equal to 1
    Parameter "N1" is new with value equal to 1
    Parameter "N2" is new with value equal to 1
    Parameter "a_ac" is new with value equal to 1
    Parameter "a_sr" is new with value equal to 1
    Parameter "alpha" is new with value equal to 3.13e-20
    Parameter "aother" is new with value equal to 0
    Parameter "delta" is new with value equal to 4.1e+15
    Parameter "deltheta" is new with value equal to 0
    Parameter "eta" is new with value equal to 1e+300
    Parameter "k" is new with value equal to 1
    Parameter "l_crit" is new with value equal to 1e-06
    Parameter "lambda" is new with value equal to 0.0119
    Parameter "maxexp" is new with value equal to 1e+100
    Parameter "nu" is new with value equal to 0.123
    Parameter "tc" is new with value equal to 15
  Model: "IALMob_electron"
    Parameter "C" is modified from 4400 to 48400
    Parameter "D1_inv" is modified from 135 to 300
    Parameter "D2_inv" is modified from 40 to 300
    Parameter "alpha_sr" is modified from 0 to 5e-22
    Parameter "delta" is modified from 3.97e+13 to 7.15e+14
    Parameter "l_crit" is modified from 1000 to 1e-06
    Parameter "l_crit_c" is modified from 1000 to 1e-06
    Parameter "lambda" is modified from 0.057 to 0
    Parameter "lambda_sr" is modified from 0.057 to 0
    Parameter "mumin" is modified from 52.2 to 56
  Model: "IALMob_electron_100"
    Parameter "A" is new with value equal to 2
    Parameter "B" is new with value equal to 900000
    Parameter "C" is new with value equal to 48400
    Parameter "D1_acc" is new with value equal to 135
    Parameter "D1_inv" is new with value equal to 300
    Parameter "D2_acc" is new with value equal to 40
    Parameter "D2_inv" is new with value equal to 300
    Parameter "EnormMinimum" is new with value equal to 0
    Parameter "N1" is new with value equal to 1
    Parameter "N2" is new with value equal to 1
    Parameter "Ndop_ref" is new with value equal to 1e+18
    Parameter "Nsc_ref" is new with value equal to 1e+18
    Parameter "S" is new with value equal to 0.3042
    Parameter "S_t" is new with value equal to 0
    Parameter "a_c2d" is new with value equal to 1
    Parameter "a_c3d" is new with value equal to 1
    Parameter "a_ph2d" is new with value equal to 1
    Parameter "a_ph3d" is new with value equal to 1
    Parameter "a_sr" is new with value equal to 1
    Parameter "alpha" is new with value equal to 0.68
    Parameter "alpha1_acc" is new with value equal to 0
    Parameter "alpha1_inv" is new with value equal to 0
    Parameter "alpha2_acc" is new with value equal to 0
    Parameter "alpha2_inv" is new with value equal to 0
    Parameter "alpha_ph2d_A" is new with value equal to 1
    Parameter "alpha_ph2d_D" is new with value equal to 1
    Parameter "alpha_sr" is new with value equal to 5e-22
    Parameter "alpha_sr_A" is new with value equal to 1
    Parameter "alpha_sr_D" is new with value equal to 1
    Parameter "cref_A" is new with value equal to 0.5
    Parameter "cref_D" is new with value equal to 0.21
    Parameter "delta" is new with value equal to 7.15e+14
    Parameter "deltheta" is new with value equal to 0
    Parameter "deltheta_2d" is new with value equal to 0
    Parameter "eta" is new with value equal to 1e+50
    Parameter "k" is new with value equal to 1
    Parameter "l_crit" is new with value equal to 1e-06
    Parameter "l_crit_c" is new with value equal to 1e-06
    Parameter "lambda" is new with value equal to 0
    Parameter "lambda_ph2d_A" is new with value equal to 1
    Parameter "lambda_ph2d_D" is new with value equal to 1
    Parameter "lambda_sr" is new with value equal to 0
    Parameter "lambda_sr_A" is new with value equal to 1
    Parameter "lambda_sr_D" is new with value equal to 1
    Parameter "me_over_m0" is new with value equal to 1
    Parameter "mh_over_m0" is new with value equal to 1.258
    Parameter "mumax" is new with value equal to 1417
    Parameter "mumin" is new with value equal to 56
    Parameter "n_ref" is new with value equal to 9.68e+16
    Parameter "nref_A" is new with value equal to 7.2e+20
    Parameter "nref_D" is new with value equal to 4e+20
    Parameter "nu" is new with value equal to 0
    Parameter "nu0_acc" is new with value equal to 1.5
    Parameter "nu0_acc_A" is new with value equal to 0
    Parameter "nu0_inv" is new with value equal to 1.5
    Parameter "nu0_inv_A" is new with value equal to 0
    Parameter "nu1_acc" is new with value equal to 2
    Parameter "nu1_inv" is new with value equal to 2
    Parameter "nu2_acc" is new with value equal to 0.5
    Parameter "nu2_inv" is new with value equal to 0.5
    Parameter "p" is new with value equal to 4
    Parameter "t0" is new with value equal to 0.0005
    Parameter "t1" is new with value equal to 0.0003
    Parameter "tc" is new with value equal to 65
    Parameter "tc_2d" is new with value equal to 15
    Parameter "tcoulomb" is new with value equal to 0
    Parameter "theta" is new with value equal to 2.285
  Model: "IALMob_electron_110"
    Parameter "A" is new with value equal to 2
    Parameter "B" is new with value equal to 900000
    Parameter "C" is new with value equal to 17000
    Parameter "D1_acc" is new with value equal to 135
    Parameter "D1_inv" is new with value equal to 300
    Parameter "D2_acc" is new with value equal to 40
    Parameter "D2_inv" is new with value equal to 300
    Parameter "EnormMinimum" is new with value equal to 0
    Parameter "N1" is new with value equal to 1
    Parameter "N2" is new with value equal to 1
    Parameter "Ndop_ref" is new with value equal to 1e+18
    Parameter "Nsc_ref" is new with value equal to 1e+18
    Parameter "S" is new with value equal to 0.3042
    Parameter "S_t" is new with value equal to 0
    Parameter "a_c2d" is new with value equal to 1
    Parameter "a_c3d" is new with value equal to 1
    Parameter "a_ph2d" is new with value equal to 1
    Parameter "a_ph3d" is new with value equal to 1
    Parameter "a_sr" is new with value equal to 1
    Parameter "alpha" is new with value equal to 0.68
    Parameter "alpha1_acc" is new with value equal to 0
    Parameter "alpha1_inv" is new with value equal to 0
    Parameter "alpha2_acc" is new with value equal to 0
    Parameter "alpha2_inv" is new with value equal to 0
    Parameter "alpha_ph2d_A" is new with value equal to 1
    Parameter "alpha_ph2d_D" is new with value equal to 1
    Parameter "alpha_sr" is new with value equal to 5e-22
    Parameter "alpha_sr_A" is new with value equal to 1
    Parameter "alpha_sr_D" is new with value equal to 1
    Parameter "cref_A" is new with value equal to 0.5
    Parameter "cref_D" is new with value equal to 0.21
    Parameter "delta" is new with value equal to 1.79e+14
    Parameter "deltheta" is new with value equal to 0
    Parameter "deltheta_2d" is new with value equal to 0
    Parameter "eta" is new with value equal to 1e+50
    Parameter "k" is new with value equal to 1
    Parameter "l_crit" is new with value equal to 1e-06
    Parameter "l_crit_c" is new with value equal to 1e-06
    Parameter "lambda" is new with value equal to 0
    Parameter "lambda_ph2d_A" is new with value equal to 1
    Parameter "lambda_ph2d_D" is new with value equal to 1
    Parameter "lambda_sr" is new with value equal to 0
    Parameter "lambda_sr_A" is new with value equal to 1
    Parameter "lambda_sr_D" is new with value equal to 1
    Parameter "me_over_m0" is new with value equal to 1
    Parameter "mh_over_m0" is new with value equal to 1.258
    Parameter "mumax" is new with value equal to 1417
    Parameter "mumin" is new with value equal to 56
    Parameter "n_ref" is new with value equal to 9.68e+16
    Parameter "nref_A" is new with value equal to 7.2e+20
    Parameter "nref_D" is new with value equal to 4e+20
    Parameter "nu" is new with value equal to 0
    Parameter "nu0_acc" is new with value equal to 1.5
    Parameter "nu0_acc_A" is new with value equal to 0
    Parameter "nu0_inv" is new with value equal to 1.5
    Parameter "nu0_inv_A" is new with value equal to 0
    Parameter "nu1_acc" is new with value equal to 2
    Parameter "nu1_inv" is new with value equal to 2
    Parameter "nu2_acc" is new with value equal to 0.5
    Parameter "nu2_inv" is new with value equal to 0.5
    Parameter "p" is new with value equal to 4
    Parameter "t0" is new with value equal to 0.0005
    Parameter "t1" is new with value equal to 0.0003
    Parameter "tc" is new with value equal to 65
    Parameter "tc_2d" is new with value equal to 15
    Parameter "tcoulomb" is new with value equal to 0
    Parameter "theta" is new with value equal to 2.285
  Model: "IALMob_electron_111"
    Parameter "A" is new with value equal to 2
    Parameter "B" is new with value equal to 1.4e+06
    Parameter "C" is new with value equal to 35000
    Parameter "D1_acc" is new with value equal to 135
    Parameter "D1_inv" is new with value equal to 350
    Parameter "D2_acc" is new with value equal to 40
    Parameter "D2_inv" is new with value equal to 350
    Parameter "EnormMinimum" is new with value equal to 0
    Parameter "N1" is new with value equal to 1
    Parameter "N2" is new with value equal to 1
    Parameter "Ndop_ref" is new with value equal to 1e+18
    Parameter "Nsc_ref" is new with value equal to 1e+18
    Parameter "S" is new with value equal to 0.3042
    Parameter "S_t" is new with value equal to 0
    Parameter "a_c2d" is new with value equal to 1
    Parameter "a_c3d" is new with value equal to 1
    Parameter "a_ph2d" is new with value equal to 1
    Parameter "a_ph3d" is new with value equal to 1
    Parameter "a_sr" is new with value equal to 1
    Parameter "alpha" is new with value equal to 0.68
    Parameter "alpha1_acc" is new with value equal to 0
    Parameter "alpha1_inv" is new with value equal to 0
    Parameter "alpha2_acc" is new with value equal to 0
    Parameter "alpha2_inv" is new with value equal to 0
    Parameter "alpha_ph2d_A" is new with value equal to 1
    Parameter "alpha_ph2d_D" is new with value equal to 1
    Parameter "alpha_sr" is new with value equal to 5e-22
    Parameter "alpha_sr_A" is new with value equal to 1
    Parameter "alpha_sr_D" is new with value equal to 1
    Parameter "cref_A" is new with value equal to 0.5
    Parameter "cref_D" is new with value equal to 0.21
    Parameter "delta" is new with value equal to 1.75e+14
    Parameter "deltheta" is new with value equal to 0
    Parameter "deltheta_2d" is new with value equal to 0
    Parameter "eta" is new with value equal to 1e+50
    Parameter "k" is new with value equal to 1
    Parameter "l_crit" is new with value equal to 1e-06
    Parameter "l_crit_c" is new with value equal to 1e-06
    Parameter "lambda" is new with value equal to 0
    Parameter "lambda_ph2d_A" is new with value equal to 1
    Parameter "lambda_ph2d_D" is new with value equal to 1
    Parameter "lambda_sr" is new with value equal to 0
    Parameter "lambda_sr_A" is new with value equal to 1
    Parameter "lambda_sr_D" is new with value equal to 1
    Parameter "me_over_m0" is new with value equal to 1
    Parameter "mh_over_m0" is new with value equal to 1.258
    Parameter "mumax" is new with value equal to 1417
    Parameter "mumin" is new with value equal to 56
    Parameter "n_ref" is new with value equal to 9.68e+16
    Parameter "nref_A" is new with value equal to 7.2e+20
    Parameter "nref_D" is new with value equal to 4e+20
    Parameter "nu" is new with value equal to 0
    Parameter "nu0_acc" is new with value equal to 1.5
    Parameter "nu0_acc_A" is new with value equal to 0
    Parameter "nu0_inv" is new with value equal to 1.5
    Parameter "nu0_inv_A" is new with value equal to 0
    Parameter "nu1_acc" is new with value equal to 2
    Parameter "nu1_inv" is new with value equal to 2
    Parameter "nu2_acc" is new with value equal to 0.5
    Parameter "nu2_inv" is new with value equal to 0.5
    Parameter "p" is new with value equal to 4
    Parameter "t0" is new with value equal to 0.0005
    Parameter "t1" is new with value equal to 0.0003
    Parameter "tc" is new with value equal to 65
    Parameter "tc_2d" is new with value equal to 15
    Parameter "tcoulomb" is new with value equal to 0
    Parameter "theta" is new with value equal to 2.285
  Model: "IALMob_hole"
    Parameter "B" is modified from 900000 to 810000
    Parameter "C" is modified from 4400 to 8360
    Parameter "D1_inv" is modified from 135 to 150
    Parameter "D2_inv" is modified from 40 to 150
    Parameter "delta" is modified from 3.97e+13 to 2.58e+14
    Parameter "l_crit" is modified from 1000 to 1e-06
    Parameter "l_crit_c" is modified from 1000 to 1e-06
    Parameter "lambda" is modified from 0.057 to 0
    Parameter "lambda_sr" is modified from 0.057 to 0
    Parameter "mumax" is modified from 470.5 to 486
    Parameter "mumin" is modified from 44.9 to 46
  Model: "IALMob_hole_100"
    Parameter "A" is new with value equal to 2
    Parameter "B" is new with value equal to 810000
    Parameter "C" is new with value equal to 8360
    Parameter "D1_acc" is new with value equal to 135
    Parameter "D1_inv" is new with value equal to 150
    Parameter "D2_acc" is new with value equal to 40
    Parameter "D2_inv" is new with value equal to 150
    Parameter "EnormMinimum" is new with value equal to 0
    Parameter "N1" is new with value equal to 1
    Parameter "N2" is new with value equal to 1
    Parameter "Ndop_ref" is new with value equal to 1e+18
    Parameter "Nsc_ref" is new with value equal to 1e+18
    Parameter "S" is new with value equal to 0.3042
    Parameter "S_t" is new with value equal to 0
    Parameter "a_c2d" is new with value equal to 1
    Parameter "a_c3d" is new with value equal to 1
    Parameter "a_ph2d" is new with value equal to 1
    Parameter "a_ph3d" is new with value equal to 1
    Parameter "a_sr" is new with value equal to 1
    Parameter "alpha" is new with value equal to 0.719
    Parameter "alpha1_acc" is new with value equal to 0
    Parameter "alpha1_inv" is new with value equal to 0
    Parameter "alpha2_acc" is new with value equal to 0
    Parameter "alpha2_inv" is new with value equal to 0
    Parameter "alpha_ph2d_A" is new with value equal to 1
    Parameter "alpha_ph2d_D" is new with value equal to 1
    Parameter "alpha_sr" is new with value equal to 0
    Parameter "alpha_sr_A" is new with value equal to 1
    Parameter "alpha_sr_D" is new with value equal to 1
    Parameter "cref_A" is new with value equal to 0.5
    Parameter "cref_D" is new with value equal to 0.21
    Parameter "delta" is new with value equal to 2.58e+14
    Parameter "deltheta" is new with value equal to 0
    Parameter "deltheta_2d" is new with value equal to 0
    Parameter "eta" is new with value equal to 1e+50
    Parameter "k" is new with value equal to 1
    Parameter "l_crit" is new with value equal to 1e-06
    Parameter "l_crit_c" is new with value equal to 1e-06
    Parameter "lambda" is new with value equal to 0
    Parameter "lambda_ph2d_A" is new with value equal to 1
    Parameter "lambda_ph2d_D" is new with value equal to 1
    Parameter "lambda_sr" is new with value equal to 0
    Parameter "lambda_sr_A" is new with value equal to 1
    Parameter "lambda_sr_D" is new with value equal to 1
    Parameter "me_over_m0" is new with value equal to 1
    Parameter "mh_over_m0" is new with value equal to 1.258
    Parameter "mumax" is new with value equal to 486
    Parameter "mumin" is new with value equal to 46
    Parameter "n_ref" is new with value equal to 2.23e+17
    Parameter "nref_A" is new with value equal to 7.2e+20
    Parameter "nref_D" is new with value equal to 4e+20
    Parameter "nu" is new with value equal to 0
    Parameter "nu0_acc" is new with value equal to 1.5
    Parameter "nu0_acc_A" is new with value equal to 0
    Parameter "nu0_inv" is new with value equal to 1.5
    Parameter "nu0_inv_A" is new with value equal to 0
    Parameter "nu1_acc" is new with value equal to 2
    Parameter "nu1_inv" is new with value equal to 2
    Parameter "nu2_acc" is new with value equal to 0.5
    Parameter "nu2_inv" is new with value equal to 0.5
    Parameter "p" is new with value equal to 4
    Parameter "t0" is new with value equal to 0.0005
    Parameter "t1" is new with value equal to 0.0003
    Parameter "tc" is new with value equal to 150
    Parameter "tc_2d" is new with value equal to 15
    Parameter "tcoulomb" is new with value equal to 0
    Parameter "theta" is new with value equal to 2.247
  Model: "IALMob_hole_110"
    Parameter "A" is new with value equal to 2
    Parameter "B" is new with value equal to 900000
    Parameter "C" is new with value equal to 17000
    Parameter "D1_acc" is new with value equal to 135
    Parameter "D1_inv" is new with value equal to 150
    Parameter "D2_acc" is new with value equal to 40
    Parameter "D2_inv" is new with value equal to 150
    Parameter "EnormMinimum" is new with value equal to 0
    Parameter "N1" is new with value equal to 1
    Parameter "N2" is new with value equal to 1
    Parameter "Ndop_ref" is new with value equal to 1e+18
    Parameter "Nsc_ref" is new with value equal to 1e+18
    Parameter "S" is new with value equal to 0.3042
    Parameter "S_t" is new with value equal to 0
    Parameter "a_c2d" is new with value equal to 1
    Parameter "a_c3d" is new with value equal to 1
    Parameter "a_ph2d" is new with value equal to 1
    Parameter "a_ph3d" is new with value equal to 1
    Parameter "a_sr" is new with value equal to 1
    Parameter "alpha" is new with value equal to 0.719
    Parameter "alpha1_acc" is new with value equal to 0
    Parameter "alpha1_inv" is new with value equal to 0
    Parameter "alpha2_acc" is new with value equal to 0
    Parameter "alpha2_inv" is new with value equal to 0
    Parameter "alpha_ph2d_A" is new with value equal to 1
    Parameter "alpha_ph2d_D" is new with value equal to 1
    Parameter "alpha_sr" is new with value equal to 0
    Parameter "alpha_sr_A" is new with value equal to 1
    Parameter "alpha_sr_D" is new with value equal to 1
    Parameter "cref_A" is new with value equal to 0.5
    Parameter "cref_D" is new with value equal to 0.21
    Parameter "delta" is new with value equal to 3.22e+14
    Parameter "deltheta" is new with value equal to 0
    Parameter "deltheta_2d" is new with value equal to 0
    Parameter "eta" is new with value equal to 1e+50
    Parameter "k" is new with value equal to 1
    Parameter "l_crit" is new with value equal to 1e-06
    Parameter "l_crit_c" is new with value equal to 1e-06
    Parameter "lambda" is new with value equal to 0
    Parameter "lambda_ph2d_A" is new with value equal to 1
    Parameter "lambda_ph2d_D" is new with value equal to 1
    Parameter "lambda_sr" is new with value equal to 0
    Parameter "lambda_sr_A" is new with value equal to 1
    Parameter "lambda_sr_D" is new with value equal to 1
    Parameter "me_over_m0" is new with value equal to 1
    Parameter "mh_over_m0" is new with value equal to 1.258
    Parameter "mumax" is new with value equal to 486
    Parameter "mumin" is new with value equal to 46
    Parameter "n_ref" is new with value equal to 2.23e+17
    Parameter "nref_A" is new with value equal to 7.2e+20
    Parameter "nref_D" is new with value equal to 4e+20
    Parameter "nu" is new with value equal to 0
    Parameter "nu0_acc" is new with value equal to 1.5
    Parameter "nu0_acc_A" is new with value equal to 0
    Parameter "nu0_inv" is new with value equal to 1.5
    Parameter "nu0_inv_A" is new with value equal to 0
    Parameter "nu1_acc" is new with value equal to 2
    Parameter "nu1_inv" is new with value equal to 2
    Parameter "nu2_acc" is new with value equal to 0.5
    Parameter "nu2_inv" is new with value equal to 0.5
    Parameter "p" is new with value equal to 4
    Parameter "t0" is new with value equal to 0.0005
    Parameter "t1" is new with value equal to 0.0003
    Parameter "tc" is new with value equal to 150
    Parameter "tc_2d" is new with value equal to 15
    Parameter "tcoulomb" is new with value equal to 0
    Parameter "theta" is new with value equal to 2.247
  Model: "IALMob_hole_111"
    Parameter "A" is new with value equal to 2
    Parameter "B" is new with value equal to 1.02e+06
    Parameter "C" is new with value equal to 10500
    Parameter "D1_acc" is new with value equal to 135
    Parameter "D1_inv" is new with value equal to 175
    Parameter "D2_acc" is new with value equal to 40
    Parameter "D2_inv" is new with value equal to 175
    Parameter "EnormMinimum" is new with value equal to 0
    Parameter "N1" is new with value equal to 1
    Parameter "N2" is new with value equal to 1
    Parameter "Ndop_ref" is new with value equal to 1e+18
    Parameter "Nsc_ref" is new with value equal to 1e+18
    Parameter "S" is new with value equal to 0.3042
    Parameter "S_t" is new with value equal to 0
    Parameter "a_c2d" is new with value equal to 1
    Parameter "a_c3d" is new with value equal to 1
    Parameter "a_ph2d" is new with value equal to 1
    Parameter "a_ph3d" is new with value equal to 1
    Parameter "a_sr" is new with value equal to 1
    Parameter "alpha" is new with value equal to 0.719
    Parameter "alpha1_acc" is new with value equal to 0
    Parameter "alpha1_inv" is new with value equal to 0
    Parameter "alpha2_acc" is new with value equal to 0
    Parameter "alpha2_inv" is new with value equal to 0
    Parameter "alpha_ph2d_A" is new with value equal to 1
    Parameter "alpha_ph2d_D" is new with value equal to 1
    Parameter "alpha_sr" is new with value equal to 0
    Parameter "alpha_sr_A" is new with value equal to 1
    Parameter "alpha_sr_D" is new with value equal to 1
    Parameter "cref_A" is new with value equal to 0.5
    Parameter "cref_D" is new with value equal to 0.21
    Parameter "delta" is new with value equal to 3.25e+14
    Parameter "deltheta" is new with value equal to 0
    Parameter "deltheta_2d" is new with value equal to 0
    Parameter "eta" is new with value equal to 1e+50
    Parameter "k" is new with value equal to 1
    Parameter "l_crit" is new with value equal to 1e-06
    Parameter "l_crit_c" is new with value equal to 1e-06
    Parameter "lambda" is new with value equal to 0
    Parameter "lambda_ph2d_A" is new with value equal to 1
    Parameter "lambda_ph2d_D" is new with value equal to 1
    Parameter "lambda_sr" is new with value equal to 0
    Parameter "lambda_sr_A" is new with value equal to 1
    Parameter "lambda_sr_D" is new with value equal to 1
    Parameter "me_over_m0" is new with value equal to 1
    Parameter "mh_over_m0" is new with value equal to 1.258
    Parameter "mumax" is new with value equal to 486
    Parameter "mumin" is new with value equal to 46
    Parameter "n_ref" is new with value equal to 2.23e+17
    Parameter "nref_A" is new with value equal to 7.2e+20
    Parameter "nref_D" is new with value equal to 4e+20
    Parameter "nu" is new with value equal to 0
    Parameter "nu0_acc" is new with value equal to 1.5
    Parameter "nu0_acc_A" is new with value equal to 0
    Parameter "nu0_inv" is new with value equal to 1.5
    Parameter "nu0_inv_A" is new with value equal to 0
    Parameter "nu1_acc" is new with value equal to 2
    Parameter "nu1_inv" is new with value equal to 2
    Parameter "nu2_acc" is new with value equal to 0.5
    Parameter "nu2_inv" is new with value equal to 0.7
    Parameter "p" is new with value equal to 4
    Parameter "t0" is new with value equal to 0.0005
    Parameter "t1" is new with value equal to 0.0003
    Parameter "tc" is new with value equal to 150
    Parameter "tc_2d" is new with value equal to 15
    Parameter "tcoulomb" is new with value equal to 0
    Parameter "theta" is new with value equal to 2.247
  Model: "Ionization"
    Parameter "NaCrit" is modified from 1e+22 to 5e+18
    Parameter "NdCrit" is modified from 1e+22 to 5e+18
  Model: "Kappa"
    Parameter "1/kappa" is modified from 0.03 to -0.0393
    Parameter "1/kappa_b" is modified from 0.00156 to 0.00155
    Parameter "1/kappa_c" is modified from 1.65e-06 to 1.82e-06
    Parameter "kappa" is modified from 1.5 to 1.6964
  Model: "Kappa_aniso"
    Parameter "1/kappa" is modified from 0.03 to -0.0393
    Parameter "1/kappa_b" is modified from 0.00156 to 0.00155
    Parameter "1/kappa_c" is modified from 1.65e-06 to 1.82e-06
    Parameter "kappa" is modified from 1.5 to 1.6964
  Model: "Lombardi_highk"
    Parameter "alpha_lom_e" is new with value equal to 0
    Parameter "alpha_lom_h" is new with value equal to 0
    Parameter "alpha_rcs_e" is new with value equal to 0
    Parameter "alpha_rcs_h" is new with value equal to 0
    Parameter "alpha_rps_e" is new with value equal to 4
    Parameter "alpha_rps_h" is new with value equal to 4
    Parameter "d_crit_rcs_e" is new with value equal to 1e-07
    Parameter "d_crit_rcs_h" is new with value equal to 1e-07
    Parameter "d_crit_rps_e" is new with value equal to 1e-07
    Parameter "d_crit_rps_h" is new with value equal to 1e-07
    Parameter "l_crit_rcs_e" is new with value equal to 7.7e-08
    Parameter "l_crit_rcs_h" is new with value equal to 7.7e-08
    Parameter "l_crit_rps_e" is new with value equal to 7.7e-08
    Parameter "l_crit_rps_h" is new with value equal to 7.7e-08
  Model: "NegInterfaceChargeMob_electron"
    Parameter "E0" is modified from 200000 to 1e-06
    Parameter "c_exp" is modified from 1.5 to 0.5
    Parameter "l_crit" is modified from 1e-06 to 7.7e-08
    Parameter "mu1" is modified from 40 to 250
  Model: "NegInterfaceChargeMob_electron_aniso"
    Parameter "E0" is modified from 200000 to 1e-06
    Parameter "c_exp" is modified from 1.5 to 0.5
    Parameter "l_crit" is modified from 1e-06 to 7.7e-08
    Parameter "mu1" is modified from 40 to 250
  Model: "NegInterfaceChargeMob_hole"
    Parameter "E0" is modified from 200000 to 1e-06
    Parameter "c_exp" is modified from 1.5 to 0.5
    Parameter "l_crit" is modified from 1e-06 to 7.7e-08
    Parameter "mu1" is modified from 40 to 250
  Model: "NegInterfaceChargeMob_hole_aniso"
    Parameter "E0" is modified from 200000 to 1e-06
    Parameter "c_exp" is modified from 1.5 to 0.5
    Parameter "l_crit" is modified from 1e-06 to 7.7e-08
    Parameter "mu1" is modified from 40 to 250
  Model: "PosInterfaceChargeMob_electron"
    Parameter "E0" is modified from 200000 to 1e-06
    Parameter "c_exp" is modified from 1.5 to 0.5
    Parameter "l_crit" is modified from 1e-06 to 7.7e-08
    Parameter "mu1" is modified from 40 to 250
  Model: "PosInterfaceChargeMob_electron_aniso"
    Parameter "E0" is modified from 200000 to 1e-06
    Parameter "c_exp" is modified from 1.5 to 0.5
    Parameter "l_crit" is modified from 1e-06 to 7.7e-08
    Parameter "mu1" is modified from 40 to 250
  Model: "PosInterfaceChargeMob_hole"
    Parameter "E0" is modified from 200000 to 1e-06
    Parameter "c_exp" is modified from 1.5 to 0.5
    Parameter "l_crit" is modified from 1e-06 to 7.7e-08
    Parameter "mu1" is modified from 40 to 250
  Model: "PosInterfaceChargeMob_hole_aniso"
    Parameter "E0" is modified from 200000 to 1e-06
    Parameter "c_exp" is modified from 1.5 to 0.5
    Parameter "l_crit" is modified from 1e-06 to 7.7e-08
    Parameter "mu1" is modified from 40 to 250
  Model: "QuantumPotentialParam_electron"
    Parameter "gamma" is modified from 3.6 to 4.5
  Model: "QuantumPotentialParam_electron_100"
    Parameter "alpha[1]" is new with value equal to 1
    Parameter "alpha[2]" is new with value equal to 1
    Parameter "alpha[3]" is new with value equal to 1
    Parameter "eta" is new with value equal to 1
    Parameter "gamma" is new with value equal to 4.5
    Parameter "nu" is new with value equal to 0
    Parameter "theta" is new with value equal to 0.5
    Parameter "xi" is new with value equal to 1
  Model: "QuantumPotentialParam_electron_110"
    Parameter "alpha[1]" is new with value equal to 1
    Parameter "alpha[2]" is new with value equal to 1
    Parameter "alpha[3]" is new with value equal to 1
    Parameter "eta" is new with value equal to 1
    Parameter "gamma" is new with value equal to 6.35
    Parameter "nu" is new with value equal to 0
    Parameter "theta" is new with value equal to 0.5
    Parameter "xi" is new with value equal to 1
  Model: "QuantumPotentialParam_electron_111"
    Parameter "alpha[1]" is new with value equal to 1
    Parameter "alpha[2]" is new with value equal to 1
    Parameter "alpha[3]" is new with value equal to 1
    Parameter "eta" is new with value equal to 1
    Parameter "gamma" is new with value equal to 6.65
    Parameter "nu" is new with value equal to 0
    Parameter "theta" is new with value equal to 0.5
    Parameter "xi" is new with value equal to 1
  Model: "QuantumPotentialParam_hole"
    Parameter "gamma" is modified from 5.6 to 7.3
  Model: "QuantumPotentialParam_hole_100"
    Parameter "alpha[1]" is new with value equal to 1
    Parameter "alpha[2]" is new with value equal to 1
    Parameter "alpha[3]" is new with value equal to 1
    Parameter "eta" is new with value equal to 1
    Parameter "gamma" is new with value equal to 7.3
    Parameter "nu" is new with value equal to 0
    Parameter "theta" is new with value equal to 0.5
    Parameter "xi" is new with value equal to 1
  Model: "QuantumPotentialParam_hole_110"
    Parameter "alpha[1]" is new with value equal to 1
    Parameter "alpha[2]" is new with value equal to 1
    Parameter "alpha[3]" is new with value equal to 1
    Parameter "eta" is new with value equal to 1
    Parameter "gamma" is new with value equal to 3.3
    Parameter "nu" is new with value equal to 0
    Parameter "theta" is new with value equal to 0.5
    Parameter "xi" is new with value equal to 1
  Model: "QuantumPotentialParam_hole_111"
    Parameter "alpha[1]" is new with value equal to 1
    Parameter "alpha[2]" is new with value equal to 1
    Parameter "alpha[3]" is new with value equal to 1
    Parameter "eta" is new with value equal to 1
    Parameter "gamma" is new with value equal to 4.3
    Parameter "nu" is new with value equal to 0
    Parameter "theta" is new with value equal to 0.5
    Parameter "xi" is new with value equal to 1
  Model: "RCSMobility_electron"
    Parameter "d_crit" is modified from 0 to 1e-07
    Parameter "l_crit" is modified from 1e-06 to 7.7e-08
  Model: "RCSMobility_hole"
    Parameter "d_crit" is modified from 0 to 1e-07
    Parameter "l_crit" is modified from 1e-06 to 7.7e-08
  Model: "RPSMobility_electron"
    Parameter "d_crit" is modified from 0 to 1e-07
    Parameter "l_crit" is modified from 1e-06 to 7.7e-08
    Parameter "murps0" is modified from 496.7 to 124.18
  Model: "RPSMobility_hole"
    Parameter "d_crit" is modified from 0 to 1e-07
    Parameter "l_crit" is modified from 1e-06 to 7.7e-08
    Parameter "murps0" is modified from 496.7 to 124.18
  Model: "SHEDistribution"
    Parameter "dac_cl_e" is modified from 0 to 1.027e-05
    Parameter "dac_cl_h" is modified from 0 to 6.29e-06
    Parameter "dop_e" is modified from 0 to 1.25e+09
    Parameter "dop_h" is modified from 0 to 8.7e+08
  Model: "Schottky"
    Parameter "Pinning_CNL" is modified from 5.01964 to 4.7727
  Model: "SchottkyResistance"
    Parameter "mt_h" is modified from 0.19 to 0.16
  Model: "StressMob"
    Parameter "Nref" is modified from 3e+19 to 2e+17
  Model: "ThinLayerMobility_electron_100"
    Parameter "a_bp" is new with value equal to 1
    Parameter "a_sp" is new with value equal to 1
    Parameter "a_tf" is new with value equal to 1
    Parameter "beta" is new with value equal to 4
    Parameter "eta1" is new with value equal to 6
    Parameter "eta2" is new with value equal to 1
    Parameter "ftf0" is new with value equal to 6250
    Parameter "ftfh0" is new with value equal to 1e+100
    Parameter "muac01" is new with value equal to 315
    Parameter "muac02" is new with value equal to 6.4
    Parameter "musp0" is new with value equal to 1.145e-08
    Parameter "mutf0" is new with value equal to 0.15
    Parameter "mutfh0" is new with value equal to 1e+06
    Parameter "mz1" is new with value equal to 0.916
    Parameter "mz2" is new with value equal to 0.19
    Parameter "p1" is new with value equal to 0.55
    Parameter "p2" is new with value equal to 400
    Parameter "p3" is new with value equal to 1.44
    Parameter "tmin" is new with value equal to 0.002
    Parameter "tsp0" is new with value equal to 0.0001
    Parameter "wt01" is new with value equal to 3e-06
    Parameter "wt02" is new with value equal to 3.5e-07
    Parameter "zeta" is new with value equal to 2.88
  Model: "ThinLayerMobility_electron_110"
    Parameter "a_bp" is new with value equal to 1
    Parameter "a_sp" is new with value equal to 1
    Parameter "a_tf" is new with value equal to 1
    Parameter "beta" is new with value equal to 4
    Parameter "eta1" is new with value equal to 9.5
    Parameter "eta2" is new with value equal to 1.5
    Parameter "ftf0" is new with value equal to 6250
    Parameter "ftfh0" is new with value equal to 1e+100
    Parameter "muac01" is new with value equal to 85
    Parameter "muac02" is new with value equal to 300
    Parameter "musp0" is new with value equal to 0.0028
    Parameter "mutf0" is new with value equal to 6.9e-05
    Parameter "mutfh0" is new with value equal to 1e+06
    Parameter "mz1" is new with value equal to 0.315
    Parameter "mz2" is new with value equal to 0.19
    Parameter "p1" is new with value equal to 0.4
    Parameter "p2" is new with value equal to 50
    Parameter "p3" is new with value equal to 7
    Parameter "tmin" is new with value equal to 0.002
    Parameter "tsp0" is new with value equal to 0.00027
    Parameter "wt01" is new with value equal to 3.5e-07
    Parameter "wt02" is new with value equal to 3e-06
    Parameter "zeta" is new with value equal to 0.15
  Model: "ThinLayerMobility_electron_111"
    Parameter "a_bp" is new with value equal to 1
    Parameter "a_sp" is new with value equal to 1
    Parameter "a_tf" is new with value equal to 1
    Parameter "beta" is new with value equal to 4
    Parameter "eta1" is new with value equal to 9.5
    Parameter "eta2" is new with value equal to 1.5
    Parameter "ftf0" is new with value equal to 6250
    Parameter "ftfh0" is new with value equal to 1e+100
    Parameter "muac01" is new with value equal to 85
    Parameter "muac02" is new with value equal to 300
    Parameter "musp0" is new with value equal to 0.0028
    Parameter "mutf0" is new with value equal to 6.9e-05
    Parameter "mutfh0" is new with value equal to 1e+06
    Parameter "mz1" is new with value equal to 0.315
    Parameter "mz2" is new with value equal to 0.19
    Parameter "p1" is new with value equal to 0.4
    Parameter "p2" is new with value equal to 50
    Parameter "p3" is new with value equal to 7
    Parameter "tmin" is new with value equal to 0.002
    Parameter "tsp0" is new with value equal to 0.00027
    Parameter "wt01" is new with value equal to 3.5e-07
    Parameter "wt02" is new with value equal to 3e-06
    Parameter "zeta" is new with value equal to 0.15
  Model: "ThinLayerMobility_hole_100"
    Parameter "a_bp" is new with value equal to 1
    Parameter "a_sp" is new with value equal to 1
    Parameter "a_tf" is new with value equal to 1
    Parameter "beta" is new with value equal to 4
    Parameter "eta1" is new with value equal to 6
    Parameter "eta2" is new with value equal to 1
    Parameter "ftf0" is new with value equal to 1e+100
    Parameter "ftfh0" is new with value equal to 1e+100
    Parameter "muac01" is new with value equal to 30.2
    Parameter "muac02" is new with value equal to 69
    Parameter "musp0" is new with value equal to 1.6e-10
    Parameter "mutf0" is new with value equal to 0.28
    Parameter "mutfh0" is new with value equal to 1e+06
    Parameter "mz1" is new with value equal to 0.29
    Parameter "mz2" is new with value equal to 0.25
    Parameter "p1" is new with value equal to 0
    Parameter "p2" is new with value equal to 0.66
    Parameter "p3" is new with value equal to 1
    Parameter "tmin" is new with value equal to 0.002
    Parameter "tsp0" is new with value equal to 0.0001
    Parameter "wt01" is new with value equal to 0
    Parameter "wt02" is new with value equal to 0
    Parameter "zeta" is new with value equal to 1.05
  Model: "ThinLayerMobility_hole_110"
    Parameter "a_bp" is new with value equal to 1
    Parameter "a_sp" is new with value equal to 1
    Parameter "a_tf" is new with value equal to 1
    Parameter "beta" is new with value equal to 4
    Parameter "eta1" is new with value equal to 7.5
    Parameter "eta2" is new with value equal to 1.5
    Parameter "ftf0" is new with value equal to 6250
    Parameter "ftfh0" is new with value equal to 62500
    Parameter "muac01" is new with value equal to 1300
    Parameter "muac02" is new with value equal to 100
    Parameter "musp0" is new with value equal to 5e-05
    Parameter "mutf0" is new with value equal to 0.0051
    Parameter "mutfh0" is new with value equal to 5.1
    Parameter "mz1" is new with value equal to 1.8
    Parameter "mz2" is new with value equal to 0.23
    Parameter "p1" is new with value equal to 0.1
    Parameter "p2" is new with value equal to 2e+06
    Parameter "p3" is new with value equal to 4
    Parameter "tmin" is new with value equal to 0.002
    Parameter "tsp0" is new with value equal to 0.00015
    Parameter "wt01" is new with value equal to 3e-07
    Parameter "wt02" is new with value equal to 1e-05
    Parameter "zeta" is new with value equal to 8.2
  Model: "ThinLayerMobility_hole_111"
    Parameter "a_bp" is new with value equal to 1
    Parameter "a_sp" is new with value equal to 1
    Parameter "a_tf" is new with value equal to 1
    Parameter "beta" is new with value equal to 4
    Parameter "eta1" is new with value equal to 7.5
    Parameter "eta2" is new with value equal to 1.5
    Parameter "ftf0" is new with value equal to 6250
    Parameter "ftfh0" is new with value equal to 62500
    Parameter "muac01" is new with value equal to 1300
    Parameter "muac02" is new with value equal to 100
    Parameter "musp0" is new with value equal to 5e-05
    Parameter "mutf0" is new with value equal to 0.0051
    Parameter "mutfh0" is new with value equal to 5.1
    Parameter "mz1" is new with value equal to 1.8
    Parameter "mz2" is new with value equal to 0.23
    Parameter "p1" is new with value equal to 0.1
    Parameter "p2" is new with value equal to 2e+06
    Parameter "p3" is new with value equal to 4
    Parameter "tmin" is new with value equal to 0.002
    Parameter "tsp0" is new with value equal to 0.00015
    Parameter "wt01" is new with value equal to 3e-07
    Parameter "wt02" is new with value equal to 1e-05
    Parameter "zeta" is new with value equal to 8.2
  Model: "UniBo2"
    Parameter "a0_e" is new with value equal to 4.65403
    Parameter "a0_h" is new with value equal to 2.26018
    Parameter "a1_e" is new with value equal to -0.00876031
    Parameter "a1_h" is new with value equal to 0.0134001
    Parameter "a2_e" is new with value equal to 1.34037e-05
    Parameter "a2_h" is new with value equal to -5.87724e-06
    Parameter "a3_e" is new with value equal to -2.75108e-09
    Parameter "a3_h" is new with value equal to -1.14021e-09
    Parameter "b0_e" is new with value equal to -0.128302
    Parameter "b0_h" is new with value equal to 0.058547
    Parameter "b10_e" is new with value equal to 2.73344e-31
    Parameter "b10_h" is new with value equal to 0
    Parameter "b1_e" is new with value equal to 0.00445552
    Parameter "b1_h" is new with value equal to -0.000195755
    Parameter "b2_e" is new with value equal to -1.0866e-05
    Parameter "b2_h" is new with value equal to 2.44357e-07
    Parameter "b3_e" is new with value equal to 9.23119e-09
    Parameter "b3_h" is new with value equal to -1.33202e-10
    Parameter "b4_e" is new with value equal to -1.82482e-12
    Parameter "b4_h" is new with value equal to 2.68082e-14
    Parameter "b5_e" is new with value equal to -4.82689e-15
    Parameter "b5_h" is new with value equal to 0
    Parameter "b6_e" is new with value equal to 1.09402e-17
    Parameter "b6_h" is new with value equal to 0
    Parameter "b7_e" is new with value equal to -1.24961e-20
    Parameter "b7_h" is new with value equal to 0
    Parameter "b8_e" is new with value equal to 7.55584e-24
    Parameter "b8_h" is new with value equal to 0
    Parameter "b9_e" is new with value equal to -2.28615e-27
    Parameter "b9_h" is new with value equal to 0
    Parameter "c0_e" is new with value equal to 7762.21
    Parameter "c0_h" is new with value equal to 19539.9
    Parameter "c1_e" is new with value equal to 25.1889
    Parameter "c1_h" is new with value equal to -104.441
    Parameter "c2_e" is new with value equal to -0.00137417
    Parameter "c2_h" is new with value equal to 0.498768
    Parameter "c3_e" is new with value equal to 0.000159525
    Parameter "c3_h" is new with value equal to 0
    Parameter "d0_e" is new with value equal to 710481
    Parameter "d0_h" is new with value equal to 2.07712e+06
    Parameter "d1_e" is new with value equal to 3985.94
    Parameter "d1_h" is new with value equal to 993.153
    Parameter "d2_e" is new with value equal to -7.19956
    Parameter "d2_h" is new with value equal to 7.77769
    Parameter "d3_e" is new with value equal to 0.00696431
    Parameter "d3_h" is new with value equal to 0
  Using default lattice crystal coordinate system:
    effective LatticeParameters:
      X = (1, 0.0000e+00, 0.0000e+00)
      Y = (0.0000e+00, 1, 0.0000e+00)
      Z = (0.0000e+00, 0.0000e+00, 1)

================
RegionInterface: "R.GateOx/R.Poly"
  (material interface is "Oxide/PolySi")
================
  Constants are not modified and equal to default ones

================
RegionInterface: "R.GateOx/R.Spacer.Left"
  (material interface is "Oxide/Nitride")
================
  Constants are not modified and equal to default ones

================
RegionInterface: "R.GateOx/R.Spacer.Right"
  (material interface is "Oxide/Nitride")
================
  Constants are not modified and equal to default ones

================
RegionInterface: "R.GateOx/R.Substrate"
  (material interface is "Oxide/Silicon")
================
  Constants are not modified and equal to default ones

================
RegionInterface: "R.Poly/R.Spacer.Left"
  (material interface is "PolySi/Nitride")
================
  Constants are not modified and equal to default ones

================
RegionInterface: "R.Spacer.Right/R.Poly"
  (material interface is "Nitride/PolySi")
================
  Constants are not modified and equal to default ones

================
RegionInterface: "R.STI.Left/R.Substrate"
  (material interface is "Oxide/Silicon")
================
  Constants are not modified and equal to default ones

================
RegionInterface: "R.STI.Right/R.Substrate"
  (material interface is "Oxide/Silicon")
================
  Constants are not modified and equal to default ones

================
RegionInterface: "R.Spacer.Left/R.Silicide.Left"
  (material interface is "Nitride/Silicide")
================
  Constants are not modified and equal to default ones

================
RegionInterface: "R.Substrate/R.Silicide.Left"
  (material interface is "Silicon/Silicide")
================
  Constants are not modified and equal to default ones

================
RegionInterface: "R.Spacer.Right/R.Silicide.Right"
  (material interface is "Nitride/Silicide")
================
  Constants are not modified and equal to default ones

================
RegionInterface: "R.Silicide.Right/R.Substrate"
  (material interface is "Silicide/Silicon")
================
  Constants are not modified and equal to default ones

================
RegionInterface: "R.Substrate/R.Spacer.Left"
  (material interface is "Silicon/Nitride")
================
  Constants are not modified and equal to default ones

================
RegionInterface: "R.Spacer.Right/R.Substrate"
  (material interface is "Nitride/Silicon")
================
  Constants are not modified and equal to default ones

==========
Electrode: "drain"
==========
  Constants are not modified and equal to default ones

==========
Electrode: "gate"
==========
  Constants are not modified and equal to default ones

==========
Electrode: "source"
==========
  Constants are not modified and equal to default ones


Acceptor and donor concentrations (AcceptorConcentration, DonorConcentration):
    computed based on the following species from the doping file:
        ArsenicActiveConcentration (donor)
        BoronActiveConcentration (acceptor)
Net doping concentration (DopingConcentration):
    obtained from doping file
Total doping concentration (TotalConcentration):
    recomputed from acceptor and donor concentrations



With Constant Reference Potential:
  Parameters of Reference Semiconductor:
    The Electron Affinity: 4.0727
    The Band Gap: 1.12416
    The Electron DOS: 2.8567e+19
    The Hole DOS: 3.1046e+19
  The Constant Reference Potential: 4.6337

===============================
Starting solve of next problem:
 Poisson
===============================

Computing poisson-equation 
using Bank/Rose nonlinear solver.

Iteration   |Rhs|      factor     |step|     error   #inner  #iterative  time
------------------------------------------------------------------------------
    0      4.27e+02                                                      0.00
    1      4.13e+01   1.00e+00   1.38e+01   2.52e+05    0         1      0.01
    2      2.51e+00   1.00e+00   7.20e+00   1.87e+05    0         1      0.01
    3      1.31e+00   5.00e-01   3.91e+00   1.16e+05    1         1      0.02
    4      5.59e+00   1.00e+00   1.71e+00   3.94e+04    0         1      0.03
    5      1.64e+00   1.00e+00   2.07e-01   2.48e+03    0         1      0.03
    6      4.29e-01   1.00e+00   1.11e-01   6.41e+02    0         1      0.04
    7      5.61e-02   1.00e+00   4.54e-02   2.62e+02    0         1      0.04
    8      1.18e-03   1.00e+00   6.66e-03   3.72e+01    0         1      0.05
    9      5.63e-07   1.00e+00   1.32e-04   7.26e-01    0         1      0.05
Finished, because...
Error smaller than 1 ( 7.2573E-01 ).

Accumulated times:
Assembly time:        0.02 s
Solve time:      0.03 s
Total time:      0.05 s

contact        voltage     electron current    hole current  conduction current
 drain        0.000E+00       2.371E-01         0.000E+00        2.371E-01
 gate         1.500E+00      -1.412E-36         1.412E-36        0.000E+00
 source       0.000E+00       2.371E-01         0.000E+00        2.371E-01


===============================
Starting solve of next problem:
Coupled ( Digits : 5, Max. #iterations : 100, 
    Solver : Super,
    #undamped iterations : 8 
    )
    { Poisson Electron Hole } 
===============================

Computing Coupled( 1 poisson-equation(s) , 1 current-contact-equation(s) , 
                   1 electron-equation(s) , 1 hole-equation(s) ) 
using Bank/Rose nonlinear solver.

Iteration   |Rhs|      factor     |step|     error   #inner  #iterative  time
------------------------------------------------------------------------------
    0      1.92e+14                                                      0.03
    1      3.48e+10   1.00e+00   1.07e+01   4.54e+05    0         1      0.13
    2      1.07e+10   1.00e+00   1.03e+01   5.28e+05    0         1      0.22
    3      6.13e+09   1.00e+00   1.07e+00   9.93e+03    0         1      0.32
    4      3.80e+08   1.00e+00   6.34e-01   4.46e+02    0         1      0.42
    5      1.07e+07   1.00e+00   3.59e-04   9.52e+00    0         1      0.51
    6      6.94e+03   1.00e+00   1.21e-05   2.13e-01    0         1      0.61
Finished, because...
Error smaller than 1 ( 2.1332E-01 ).

Accumulated times:
Assembly time:        0.35 s
Solve time:      0.25 s
Total time:      0.61 s

contact        voltage     electron current    hole current  conduction current
 drain        0.000E+00       1.201E-09         0.000E+00        1.201E-09
 gate         1.500E+00       4.225E-33        -4.225E-33        0.000E+00
 source       0.000E+00       1.457E-09         0.000E+00        1.457E-09


===============================
Starting solve of next problem:
Transient (
      Max. #iterations : 15, 
      Initial step : 1.0000e-05 s,       Minimum step : 1.0000e-14 s, Maximum step : 0.01 s, 
      Initial time : 0.0000e+00 s, Final time : 1 s, 
    )
  {
    Coupled ( Digits : 5, Max. #iterations : 15, 
        Solver : Super,
        #undamped iterations : 8 
        )
        { Poisson Electron Hole } 
  }
===============================

Computing TR-step from 0.0000e+00 s to 5.8579e-06 s (Stepsize: 5.8579e-06 s)
Computing Coupled( 1 poisson-equation(s) , 1 current-contact-equation(s) , 
                   1 electron-equation(s) , 1 hole-equation(s) ) 
using Bank/Rose nonlinear solver.

Iteration   |Rhs|      factor     |step|     error   #inner  #iterative  time
------------------------------------------------------------------------------
    0      1.50e+09                                                      0.05
    1      5.55e-01   1.00e+00   9.02e-05   3.12e+00    0         1      0.15
    2      1.42e-03   1.00e+00   9.94e-09   1.11e-04    0         1      0.26
Finished, because...
Error smaller than 1 ( 1.1145E-04 ).

Accumulated times:
Assembly time:        0.17 s
Solve time:      0.08 s
Total time:      0.26 s

Computing BDF2-step from 0.0000e+00 s to 1.0000e-05 s (Stepsize: 1.0000e-05 s)
Computing Coupled( 1 poisson-equation(s) , 1 current-contact-equation(s) , 
                   1 electron-equation(s) , 1 hole-equation(s) ) 
using Bank/Rose nonlinear solver.

Iteration   |Rhs|      factor     |step|     error   #inner  #iterative  time
------------------------------------------------------------------------------
    0      1.06e+09                                                      0.04
    1      2.77e-01   1.00e+00   6.37e-05   2.20e+00    0         1      0.14
    2      1.02e-03   1.00e+00   1.05e-09   5.75e-05    0         1      0.23
Finished, because...
Error smaller than 1 ( 5.7539E-05 ).

Accumulated times:
Assembly time:        0.15 s
Solve time:      0.08 s
Total time:      0.23 s

contact        voltage     electron current    hole current     total current
 drain        1.000E-05       6.919E-09         0.000E+00        6.919E-09
 gate         1.500E+00      -2.085E-16        -8.286E-32       -1.742E-16
 source       0.000E+00      -6.919E-09         0.000E+00       -6.919E-09


Computing TR-step from 1.0000e-05 s to 1.8787e-05 s (Stepsize: 8.7868e-06 s)
Computing Coupled( 1 poisson-equation(s) , 1 current-contact-equation(s) , 
                   1 electron-equation(s) , 1 hole-equation(s) ) 
using Bank/Rose nonlinear solver.

Iteration   |Rhs|      factor     |step|     error   #inner  #iterative  time
------------------------------------------------------------------------------
    0      2.24e+09                                                      0.04
    1      1.25e+00   1.00e+00   1.35e-04   4.67e+00    0         1      0.13
    2      1.23e-03   1.00e+00   4.69e-09   2.50e-04    0         1      0.22
Finished, because...
Error smaller than 1 ( 2.5047E-04 ).

Accumulated times:
Assembly time:        0.14 s
Solve time:      0.08 s
Total time:      0.22 s

Computing BDF2-step from 1.0000e-05 s to 2.5000e-05 s (Stepsize: 1.5000e-05 s)
Computing Coupled( 1 poisson-equation(s) , 1 current-contact-equation(s) , 
                   1 electron-equation(s) , 1 hole-equation(s) ) 
using Bank/Rose nonlinear solver.

Iteration   |Rhs|      factor     |step|     error   #inner  #iterative  time
------------------------------------------------------------------------------
    0      1.59e+09                                                      0.04
    1      6.24e-01   1.00e+00   9.56e-05   3.30e+00    0         1      0.13
    2      1.28e-03   1.00e+00   2.34e-09   1.25e-04    0         1      0.22
Finished, because...
Error smaller than 1 ( 1.2472E-04 ).

Accumulated times:
Assembly time:        0.14 s
Solve time:      0.08 s
Total time:      0.22 s

contact        voltage     electron current    hole current     total current
 drain        2.500E-05       1.730E-08         0.000E+00        1.730E-08
 gate         1.500E+00      -1.816E-16        -8.285E-32       -1.743E-16
 source       0.000E+00      -1.730E-08         0.000E+00       -1.730E-08


Computing TR-step from 2.5000e-05 s to 3.8180e-05 s (Stepsize: 1.3180e-05 s)
Extrapolating values for t = 3.8180e-05 ... done.
Computing Coupled( 1 poisson-equation(s) , 1 current-contact-equation(s) , 
                   1 electron-equation(s) , 1 hole-equation(s) ) 
using Bank/Rose nonlinear solver.

Iteration   |Rhs|      factor     |step|     error   #inner  #iterative  time
------------------------------------------------------------------------------
    0      4.26e+00                                                      0.04
    1      1.36e-03   1.00e+00   8.32e-09   6.93e-04    0         1      0.13
Finished, because...
Error smaller than 1 ( 6.9334E-04 ).

Accumulated times:
Assembly time:        0.09 s
Solve time:      0.04 s
Total time:      0.13 s

Computing BDF2-step from 2.5000e-05 s to 4.7500e-05 s (Stepsize: 2.2500e-05 s)
Extrapolating values for t = 4.7500e-05 ... done.
Computing Coupled( 1 poisson-equation(s) , 1 current-contact-equation(s) , 
                   1 electron-equation(s) , 1 hole-equation(s) ) 
using Bank/Rose nonlinear solver.

Iteration   |Rhs|      factor     |step|     error   #inner  #iterative  time
------------------------------------------------------------------------------
    0      9.68e+00                                                      0.04
    1      1.36e-03   1.00e+00   1.89e-08   1.58e-03    0         1      0.12
Finished, because...
Error smaller than 1 ( 1.5768E-03 ).

Accumulated times:
Assembly time:        0.08 s
Solve time:      0.04 s
Total time:      0.12 s

contact        voltage     electron current    hole current     total current
 drain        4.750E-05       3.287E-08         0.000E+00        3.287E-08
 gate         1.500E+00      -2.022E-16        -8.287E-32       -1.743E-16
 source       0.000E+00      -3.287E-08         0.000E+00       -3.287E-08


Computing TR-step from 4.7500e-05 s to 6.7270e-05 s (Stepsize: 1.9770e-05 s)
Extrapolating values for t = 6.7270e-05 ... done.
Computing Coupled( 1 poisson-equation(s) , 1 current-contact-equation(s) , 
                   1 electron-equation(s) , 1 hole-equation(s) ) 
using Bank/Rose nonlinear solver.

Iteration   |Rhs|      factor     |step|     error   #inner  #iterative  time
------------------------------------------------------------------------------
    0      9.59e+00                                                      0.03
    1      1.33e-03   1.00e+00   1.88e-08   1.57e-03    0         1      0.12
Finished, because...
Error smaller than 1 ( 1.5688E-03 ).

Accumulated times:
Assembly time:        0.08 s
Solve time:      0.04 s
Total time:      0.12 s

Computing BDF2-step from 4.7500e-05 s to 8.1250e-05 s (Stepsize: 3.3750e-05 s)
Extrapolating values for t = 8.1250e-05 ... done.
Computing Coupled( 1 poisson-equation(s) , 1 current-contact-equation(s) , 
                   1 electron-equation(s) , 1 hole-equation(s) ) 
using Bank/Rose nonlinear solver.

Iteration   |Rhs|      factor     |step|     error   #inner  #iterative  time
------------------------------------------------------------------------------
    0      2.18e+01                                                      0.04
    1      1.19e-03   1.00e+00   4.27e-08   3.57e-03    0         1      0.13
Finished, because...
Error smaller than 1 ( 3.5651E-03 ).

Accumulated times:
Assembly time:        0.09 s
Solve time:      0.04 s
Total time:      0.13 s

contact        voltage     electron current    hole current     total current
 drain        8.125E-05       5.621E-08         0.000E+00        5.621E-08
 gate         1.500E+00      -1.889E-16        -8.284E-32       -1.743E-16
 source       0.000E+00      -5.621E-08         0.000E+00       -5.621E-08


Computing TR-step from 8.1250e-05 s to 1.1091e-04 s (Stepsize: 2.9655e-05 s)
Extrapolating values for t = 1.1091e-04 ... done.
Computing Coupled( 1 poisson-equation(s) , 1 current-contact-equation(s) , 
                   1 electron-equation(s) , 1 hole-equation(s) ) 
using Bank/Rose nonlinear solver.

Iteration   |Rhs|      factor     |step|     error   #inner  #iterative  time
------------------------------------------------------------------------------
    0      2.16e+01                                                      0.04
    1      1.18e-03   1.00e+00   4.25e-08   3.54e-03    0         1      0.13
Finished, because...
Error smaller than 1 ( 3.5426E-03 ).

Accumulated times:
Assembly time:        0.09 s
Solve time:      0.04 s
Total time:      0.13 s

Computing BDF2-step from 8.1250e-05 s to 1.3188e-04 s (Stepsize: 5.0625e-05 s)
Extrapolating values for t = 1.3188e-04 ... done.
Computing Coupled( 1 poisson-equation(s) , 1 current-contact-equation(s) , 
                   1 electron-equation(s) , 1 hole-equation(s) ) 
using Bank/Rose nonlinear solver.

Iteration   |Rhs|      factor     |step|     error   #inner  #iterative  time
------------------------------------------------------------------------------
    0      4.90e+01                                                      0.04
    1      1.25e-03   1.00e+00   9.65e-08   8.05e-03    0         1      0.13
Finished, because...
Error smaller than 1 ( 8.0520E-03 ).

Accumulated times:
Assembly time:        0.08 s
Solve time:      0.04 s
Total time:      0.13 s

contact        voltage     electron current    hole current     total current
 drain        1.319E-04       9.123E-08         0.000E+00        9.123E-08
 gate         1.500E+00      -1.471E-16        -8.272E-32       -1.743E-16
 source       0.000E+00      -9.123E-08         0.000E+00       -9.123E-08


Computing TR-step from 1.3188e-04 s to 1.7636e-04 s (Stepsize: 4.4483e-05 s)
Extrapolating values for t = 1.7636e-04 ... done.
Computing Coupled( 1 poisson-equation(s) , 1 current-contact-equation(s) , 
                   1 electron-equation(s) , 1 hole-equation(s) ) 
using Bank/Rose nonlinear solver.

Iteration   |Rhs|      factor     |step|     error   #inner  #iterative  time
------------------------------------------------------------------------------
    0      4.86e+01                                                      0.04
    1      1.18e-03   1.00e+00   9.58e-08   8.00e-03    0         1      0.13
Finished, because...
Error smaller than 1 ( 8.0019E-03 ).

Accumulated times:
Assembly time:        0.09 s
Solve time:      0.04 s
Total time:      0.13 s

Computing BDF2-step from 1.3188e-04 s to 2.0781e-04 s (Stepsize: 7.5938e-05 s)
Extrapolating values for t = 2.0781e-04 ... done.
Computing Coupled( 1 poisson-equation(s) , 1 current-contact-equation(s) , 
                   1 electron-equation(s) , 1 hole-equation(s) ) 
using Bank/Rose nonlinear solver.

Iteration   |Rhs|      factor     |step|     error   #inner  #iterative  time
------------------------------------------------------------------------------
    0      1.10e+02                                                      0.04
    1      1.44e-03   1.00e+00   2.18e-07   1.82e-02    0         1      0.13
Finished, because...
Error smaller than 1 ( 1.8189E-02 ).

Accumulated times:
Assembly time:        0.09 s
Solve time:      0.04 s
Total time:      0.13 s

contact        voltage     electron current    hole current     total current
 drain        2.078E-04       1.437E-07         0.000E+00        1.437E-07
 gate         1.500E+00      -1.728E-16        -8.273E-32       -1.743E-16
 source       0.000E+00      -1.437E-07         0.000E+00       -1.437E-07


Computing TR-step from 2.0781e-04 s to 2.7454e-04 s (Stepsize: 6.6725e-05 s)
Extrapolating values for t = 2.7454e-04 ... done.
Computing Coupled( 1 poisson-equation(s) , 1 current-contact-equation(s) , 
                   1 electron-equation(s) , 1 hole-equation(s) ) 
using Bank/Rose nonlinear solver.

Iteration   |Rhs|      factor     |step|     error   #inner  #iterative  time
------------------------------------------------------------------------------
    0      1.09e+02                                                      0.04
    1      1.04e-03   1.00e+00   2.16e-07   1.81e-02    0         1      0.13
Finished, because...
Error smaller than 1 ( 1.8083E-02 ).

Accumulated times:
Assembly time:        0.09 s
Solve time:      0.03 s
Total time:      0.13 s

Computing BDF2-step from 2.0781e-04 s to 3.2172e-04 s (Stepsize: 1.1391e-04 s)
Extrapolating values for t = 3.2172e-04 ... done.
Computing Coupled( 1 poisson-equation(s) , 1 current-contact-equation(s) , 
                   1 electron-equation(s) , 1 hole-equation(s) ) 
using Bank/Rose nonlinear solver.

Iteration   |Rhs|      factor     |step|     error   #inner  #iterative  time
------------------------------------------------------------------------------
    0      2.48e+02                                                      0.04
    1      3.94e-03   1.00e+00   4.92e-07   4.11e-02    0         1      0.13
Finished, because...
Error smaller than 1 ( 4.1110E-02 ).

Accumulated times:
Assembly time:        0.08 s
Solve time:      0.03 s
Total time:      0.13 s

contact        voltage     electron current    hole current     total current
 drain        3.217E-04       2.225E-07         0.000E+00        2.225E-07
 gate         1.500E+00      -1.878E-16        -8.272E-32       -1.743E-16
 source       0.000E+00      -2.225E-07         0.000E+00       -2.225E-07


Computing TR-step from 3.2172e-04 s to 4.2181e-04 s (Stepsize: 1.0009e-04 s)
Extrapolating values for t = 4.2181e-04 ... done.
Computing Coupled( 1 poisson-equation(s) , 1 current-contact-equation(s) , 
                   1 electron-equation(s) , 1 hole-equation(s) ) 
using Bank/Rose nonlinear solver.

Iteration   |Rhs|      factor     |step|     error   #inner  #iterative  time
------------------------------------------------------------------------------
    0      2.46e+02                                                      0.04
    1      1.10e-03   1.00e+00   4.89e-07   4.09e-02    0         1      0.13
Finished, because...
Error smaller than 1 ( 4.0898E-02 ).

Accumulated times:
Assembly time:        0.09 s
Solve time:      0.04 s
Total time:      0.13 s

Computing BDF2-step from 3.2172e-04 s to 4.9258e-04 s (Stepsize: 1.7086e-04 s)
Extrapolating values for t = 4.9258e-04 ... done.
Computing Coupled( 1 poisson-equation(s) , 1 current-contact-equation(s) , 
                   1 electron-equation(s) , 1 hole-equation(s) ) 
using Bank/Rose nonlinear solver.

Iteration   |Rhs|      factor     |step|     error   #inner  #iterative  time
------------------------------------------------------------------------------
    0      5.59e+02                                                      0.03
    1      1.23e-03   1.00e+00   1.11e-06   9.30e-02    0         1      0.12
Finished, because...
Error smaller than 1 ( 9.2993E-02 ).

Accumulated times:
Assembly time:        0.07 s
Solve time:      0.04 s
Total time:      0.12 s

contact        voltage     electron current    hole current     total current
 drain        4.926E-04       3.405E-07         0.000E+00        3.405E-07
 gate         1.500E+00      -1.941E-16        -8.266E-32       -1.743E-16
 source       0.000E+00      -3.405E-07         0.000E+00       -3.405E-07


Computing TR-step from 4.9258e-04 s to 6.4271e-04 s (Stepsize: 1.5013e-04 s)
Extrapolating values for t = 6.4271e-04 ... done.
Computing Coupled( 1 poisson-equation(s) , 1 current-contact-equation(s) , 
                   1 electron-equation(s) , 1 hole-equation(s) ) 
using Bank/Rose nonlinear solver.

Iteration   |Rhs|      factor     |step|     error   #inner  #iterative  time
------------------------------------------------------------------------------
    0      5.53e+02                                                      0.05
    1      1.29e-03   1.00e+00   1.11e-06   9.26e-02    0         1      0.14
Finished, because...
Error smaller than 1 ( 9.2601E-02 ).

Accumulated times:
Assembly time:        0.10 s
Solve time:      0.04 s
Total time:      0.14 s

Computing BDF2-step from 4.9258e-04 s to 7.4887e-04 s (Stepsize: 2.5629e-04 s)
Extrapolating values for t = 7.4887e-04 ... done.
Computing Coupled( 1 poisson-equation(s) , 1 current-contact-equation(s) , 
                   1 electron-equation(s) , 1 hole-equation(s) ) 
using Bank/Rose nonlinear solver.

Iteration   |Rhs|      factor     |step|     error   #inner  #iterative  time
------------------------------------------------------------------------------
    0      1.26e+03                                                      0.04
    1      1.33e-03   1.00e+00   2.51e-06   2.11e-01    0         1      0.13
Finished, because...
Error smaller than 1 ( 2.1061E-01 ).

Accumulated times:
Assembly time:        0.08 s
Solve time:      0.04 s
Total time:      0.13 s

contact        voltage     electron current    hole current     total current
 drain        7.489E-04       5.173E-07         0.000E+00        5.173E-07
 gate         1.500E+00      -1.483E-16        -8.244E-32       -1.743E-16
 source       0.000E+00      -5.173E-07         0.000E+00       -5.173E-07


Computing TR-step from 7.4887e-04 s to 9.7406e-04 s (Stepsize: 2.2520e-04 s)
Extrapolating values for t = 9.7406e-04 ... done.
Computing Coupled( 1 poisson-equation(s) , 1 current-contact-equation(s) , 
                   1 electron-equation(s) , 1 hole-equation(s) ) 
using Bank/Rose nonlinear solver.

Iteration   |Rhs|      factor     |step|     error   #inner  #iterative  time
------------------------------------------------------------------------------
    0      1.25e+03                                                      0.04
    1      1.24e-03   1.00e+00   2.50e-06   2.10e-01    0         1      0.13
Finished, because...
Error smaller than 1 ( 2.1002E-01 ).

Accumulated times:
Assembly time:        0.09 s
Solve time:      0.04 s
Total time:      0.13 s

Computing BDF2-step from 7.4887e-04 s to 1.1333e-03 s (Stepsize: 3.8443e-04 s)
Extrapolating values for t = 1.1333e-03 ... done.
Computing Coupled( 1 poisson-equation(s) , 1 current-contact-equation(s) , 
                   1 electron-equation(s) , 1 hole-equation(s) ) 
using Bank/Rose nonlinear solver.

Iteration   |Rhs|      factor     |step|     error   #inner  #iterative  time
------------------------------------------------------------------------------
    0      2.83e+03                                                      0.04
    1      3.07e-03   1.00e+00   5.69e-06   4.78e-01    0         1      0.13
Finished, because...
Error smaller than 1 ( 4.7782E-01 ).

Accumulated times:
Assembly time:        0.09 s
Solve time:      0.04 s
Total time:      0.13 s

contact        voltage     electron current    hole current     total current
 drain        1.133E-03       7.822E-07         0.000E+00        7.822E-07
 gate         1.500E+00      -1.613E-16        -8.230E-32       -1.743E-16
 source       0.000E+00      -7.822E-07         0.000E+00       -7.822E-07


Computing TR-step from 1.1333e-03 s to 1.4711e-03 s (Stepsize: 3.3779e-04 s)
Extrapolating values for t = 1.4711e-03 ... done.
Computing Coupled( 1 poisson-equation(s) , 1 current-contact-equation(s) , 
                   1 electron-equation(s) , 1 hole-equation(s) ) 
using Bank/Rose nonlinear solver.

Iteration   |Rhs|      factor     |step|     error   #inner  #iterative  time
------------------------------------------------------------------------------
    0      2.80e+03                                                      0.04
    1      1.43e-02   1.00e+00   5.68e-06   4.77e-01    0         1      0.13
Finished, because...
Error smaller than 1 ( 4.7748E-01 ).

Accumulated times:
Assembly time:        0.09 s
Solve time:      0.04 s
Total time:      0.13 s

Computing BDF2-step from 1.1333e-03 s to 1.7100e-03 s (Stepsize: 5.7665e-04 s)
Extrapolating values for t = 1.7100e-03 ... done.
Computing Coupled( 1 poisson-equation(s) , 1 current-contact-equation(s) , 
                   1 electron-equation(s) , 1 hole-equation(s) ) 
using Bank/Rose nonlinear solver.

Iteration   |Rhs|      factor     |step|     error   #inner  #iterative  time
------------------------------------------------------------------------------
    0      6.36e+03                                                      0.04
    1      1.35e-01   1.00e+00   1.29e-05   1.09e+00    0         1      0.13
    2      1.31e-03   1.00e+00   1.36e-10   1.33e-05    0         1      0.23
Finished, because...
Error smaller than 1 ( 1.3285E-05 ).

Accumulated times:
Assembly time:        0.14 s
Solve time:      0.08 s
Total time:      0.23 s

contact        voltage     electron current    hole current     total current
 drain        1.710E-03       1.179E-06         0.000E+00        1.179E-06
 gate         1.500E+00      -1.973E-16        -8.211E-32       -1.743E-16
 source       0.000E+00      -1.179E-06         0.000E+00       -1.179E-06


Computing TR-step from 1.7100e-03 s to 2.2166e-03 s (Stepsize: 5.0669e-04 s)
Extrapolating values for t = 2.2166e-03 ... done.
Computing Coupled( 1 poisson-equation(s) , 1 current-contact-equation(s) , 
                   1 electron-equation(s) , 1 hole-equation(s) ) 
using Bank/Rose nonlinear solver.

Iteration   |Rhs|      factor     |step|     error   #inner  #iterative  time
------------------------------------------------------------------------------
    0      6.30e+03                                                      0.04
    1      6.79e-02   1.00e+00   1.29e-05   1.09e+00    0         1      0.13
    2      1.46e-03   1.00e+00   1.40e-10   1.37e-05    0         1      0.22
Finished, because...
Error smaller than 1 ( 1.3704E-05 ).

Accumulated times:
Assembly time:        0.14 s
Solve time:      0.08 s
Total time:      0.22 s

Computing BDF2-step from 1.7100e-03 s to 2.5749e-03 s (Stepsize: 8.6498e-04 s)
Extrapolating values for t = 2.5749e-03 ... done.
Computing Coupled( 1 poisson-equation(s) , 1 current-contact-equation(s) , 
                   1 electron-equation(s) , 1 hole-equation(s) ) 
using Bank/Rose nonlinear solver.

Iteration   |Rhs|      factor     |step|     error   #inner  #iterative  time
------------------------------------------------------------------------------
    0      1.43e+04                                                      0.04
    1      8.15e-02   1.00e+00   2.94e-05   2.48e+00    0         1      0.14
    2      1.21e-03   1.00e+00   7.39e-10   7.24e-05    0         1      0.23
Finished, because...
Error smaller than 1 ( 7.2418E-05 ).

Accumulated times:
Assembly time:        0.14 s
Solve time:      0.09 s
Total time:      0.23 s

contact        voltage     electron current    hole current     total current
 drain        2.575E-03       1.771E-06         0.000E+00        1.771E-06
 gate         1.500E+00      -1.280E-16        -8.157E-32       -1.742E-16
 source       0.000E+00      -1.771E-06         0.000E+00       -1.771E-06


Computing TR-step from 2.5749e-03 s to 3.3350e-03 s (Stepsize: 7.6004e-04 s)
Extrapolating values for t = 3.3350e-03 ... done.
Computing Coupled( 1 poisson-equation(s) , 1 current-contact-equation(s) , 
                   1 electron-equation(s) , 1 hole-equation(s) ) 
using Bank/Rose nonlinear solver.

Iteration   |Rhs|      factor     |step|     error   #inner  #iterative  time
------------------------------------------------------------------------------
    0      1.42e+04                                                      0.04
    1      8.26e-02   1.00e+00   2.96e-05   2.50e+00    0         1      0.14
    2      1.33e-03   1.00e+00   7.60e-10   7.45e-05    0         1      0.23
Finished, because...
Error smaller than 1 ( 7.4509E-05 ).

Accumulated times:
Assembly time:        0.14 s
Solve time:      0.09 s
Total time:      0.23 s

Computing BDF2-step from 2.5749e-03 s to 3.8724e-03 s (Stepsize: 1.2975e-03 s)
Extrapolating values for t = 3.8724e-03 ... done.
Computing Coupled( 1 poisson-equation(s) , 1 current-contact-equation(s) , 
                   1 electron-equation(s) , 1 hole-equation(s) ) 
using Bank/Rose nonlinear solver.

Iteration   |Rhs|      factor     |step|     error   #inner  #iterative  time
------------------------------------------------------------------------------
    0      3.21e+04                                                      0.04
    1      4.29e-01   1.00e+00   6.74e-05   5.70e+00    0         1      0.14
    2      1.17e-03   1.00e+00   4.03e-09   3.94e-04    0         1      0.23
Finished, because...
Error smaller than 1 ( 3.9448E-04 ).

Accumulated times:
Assembly time:        0.15 s
Solve time:      0.08 s
Total time:      0.23 s

contact        voltage     electron current    hole current     total current
 drain        3.872E-03       2.654E-06         0.000E+00        2.654E-06
 gate         1.500E+00      -1.818E-16        -8.111E-32       -1.742E-16
 source       0.000E+00      -2.654E-06         0.000E+00       -2.654E-06


Computing TR-step from 3.8724e-03 s to 5.0124e-03 s (Stepsize: 1.1401e-03 s)
Extrapolating values for t = 5.0124e-03 ... done.
Computing Coupled( 1 poisson-equation(s) , 1 current-contact-equation(s) , 
                   1 electron-equation(s) , 1 hole-equation(s) ) 
using Bank/Rose nonlinear solver.

Iteration   |Rhs|      factor     |step|     error   #inner  #iterative  time
------------------------------------------------------------------------------
    0      3.18e+04                                                      0.05
    1      4.35e-01   1.00e+00   6.81e-05   5.78e+00    0         1      0.14
    2      1.30e-03   1.00e+00   4.12e-09   4.04e-04    0         1      0.24
Finished, because...
Error smaller than 1 ( 4.0403E-04 ).

Accumulated times:
Assembly time:        0.15 s
Solve time:      0.09 s
Total time:      0.24 s

Computing BDF2-step from 3.8724e-03 s to 5.8186e-03 s (Stepsize: 1.9462e-03 s)
Extrapolating values for t = 5.8186e-03 ... done.
Computing Coupled( 1 poisson-equation(s) , 1 current-contact-equation(s) , 
                   1 electron-equation(s) , 1 hole-equation(s) ) 
using Bank/Rose nonlinear solver.

Iteration   |Rhs|      factor     |step|     error   #inner  #iterative  time
------------------------------------------------------------------------------
    0      7.19e+04                                                      0.05
    1      2.26e+00   1.00e+00   1.55e-04   1.32e+01    0         1      0.15
    2      1.25e-03   1.00e+00   2.19e-08   2.14e-03    0         1      0.24
Finished, because...
Error smaller than 1 ( 2.1426E-03 ).

Accumulated times:
Assembly time:        0.16 s
Solve time:      0.08 s
Total time:      0.24 s

contact        voltage     electron current    hole current     total current
 drain        5.819E-03       3.968E-06         0.000E+00        3.968E-06
 gate         1.500E+00      -1.595E-16        -8.021E-32       -1.741E-16
 source       0.000E+00      -3.968E-06         0.000E+00       -3.968E-06


Computing TR-step from 5.8186e-03 s to 7.5287e-03 s (Stepsize: 1.7101e-03 s)
Extrapolating values for t = 7.5287e-03 ... done.
Computing Coupled( 1 poisson-equation(s) , 1 current-contact-equation(s) , 
                   1 electron-equation(s) , 1 hole-equation(s) ) 
using Bank/Rose nonlinear solver.

Iteration   |Rhs|      factor     |step|     error   #inner  #iterative  time
------------------------------------------------------------------------------
    0      7.12e+04                                                      0.04
    1      2.30e+00   1.00e+00   1.58e-04   1.35e+01    0         1      0.14
    2      1.46e-03   1.00e+00   2.22e-08   2.18e-03    0         1      0.24
Finished, because...
Error smaller than 1 ( 2.1785E-03 ).

Accumulated times:
Assembly time:        0.14 s
Solve time:      0.10 s
Total time:      0.24 s

Computing BDF2-step from 5.8186e-03 s to 8.7379e-03 s (Stepsize: 2.9193e-03 s)
Extrapolating values for t = 8.7379e-03 ... done.
Computing Coupled( 1 poisson-equation(s) , 1 current-contact-equation(s) , 
                   1 electron-equation(s) , 1 hole-equation(s) ) 
using Bank/Rose nonlinear solver.

Iteration   |Rhs|      factor     |step|     error   #inner  #iterative  time
------------------------------------------------------------------------------
    0      1.61e+05                                                      0.05
    1      1.20e+01   1.00e+00   3.62e-04   3.09e+01    0         1      0.14
    2      1.10e-03   1.00e+00   1.18e-07   1.16e-02    0         1      0.25
Finished, because...
Error smaller than 1 ( 1.1588E-02 ).

Accumulated times:
Assembly time:        0.16 s
Solve time:      0.09 s
Total time:      0.25 s

contact        voltage     electron current    hole current     total current
 drain        8.738E-03       5.911E-06         0.000E+00        5.911E-06
 gate         1.500E+00      -1.294E-16        -7.887E-32       -1.739E-16
 source       0.000E+00      -5.911E-06         0.000E+00       -5.911E-06


Computing TR-step from 8.7379e-03 s to 0.011303 s (Stepsize: 2.5651e-03 s)
Extrapolating values for t = 0.011303 ... done.
Computing Coupled( 1 poisson-equation(s) , 1 current-contact-equation(s) , 
                   1 electron-equation(s) , 1 hole-equation(s) ) 
using Bank/Rose nonlinear solver.

Iteration   |Rhs|      factor     |step|     error   #inner  #iterative  time
------------------------------------------------------------------------------
    0      1.59e+05                                                      0.04
    1      1.22e+01   1.00e+00   3.74e-04   3.22e+01    0         1      0.14
    2      1.26e-03   1.00e+00   1.19e-07   1.17e-02    0         1      0.23
Finished, because...
Error smaller than 1 ( 1.1673E-02 ).

Accumulated times:
Assembly time:        0.14 s
Solve time:      0.09 s
Total time:      0.23 s

Computing BDF2-step from 8.7379e-03 s to 0.0131168 s (Stepsize: 4.3789e-03 s)
Extrapolating values for t = 0.0131168 ... done.
Computing Coupled( 1 poisson-equation(s) , 1 current-contact-equation(s) , 
                   1 electron-equation(s) , 1 hole-equation(s) ) 
using Bank/Rose nonlinear solver.

Iteration   |Rhs|      factor     |step|     error   #inner  #iterative  time
------------------------------------------------------------------------------
    0      3.59e+05                                                      0.04
    1      6.34e+01   1.00e+00   8.58e-04   7.38e+01    0         1      0.14
    2      1.19e-03   1.00e+00   6.37e-07   6.24e-02    0         1      0.24
Finished, because...
Error smaller than 1 ( 6.2447E-02 ).

Accumulated times:
Assembly time:        0.15 s
Solve time:      0.08 s
Total time:      0.24 s

contact        voltage     electron current    hole current     total current
 drain        1.312E-02       8.764E-06         0.000E+00        8.764E-06
 gate         1.500E+00      -1.621E-16        -7.709E-32       -1.737E-16
 source       0.000E+00      -8.764E-06         0.000E+00       -8.764E-06


Computing TR-step from 0.0131168 s to 0.0169645 s (Stepsize: 3.8477e-03 s)
Extrapolating values for t = 0.0169645 ... done.
Computing Coupled( 1 poisson-equation(s) , 1 current-contact-equation(s) , 
                   1 electron-equation(s) , 1 hole-equation(s) ) 
using Bank/Rose nonlinear solver.

Iteration   |Rhs|      factor     |step|     error   #inner  #iterative  time
------------------------------------------------------------------------------
    0      3.55e+05                                                      0.04
    1      6.52e+01   1.00e+00   9.01e-04   7.82e+01    0         1      0.14
    2      1.38e-03   1.00e+00   6.46e-07   6.32e-02    0         1      0.23
Finished, because...
Error smaller than 1 ( 6.3236E-02 ).

Accumulated times:
Assembly time:        0.14 s
Solve time:      0.09 s
Total time:      0.23 s

Computing BDF2-step from 0.0131168 s to 0.0196852 s (Stepsize: 6.5684e-03 s)
Extrapolating values for t = 0.0196852 ... done.
Computing Coupled( 1 poisson-equation(s) , 1 current-contact-equation(s) , 
                   1 electron-equation(s) , 1 hole-equation(s) ) 
using Bank/Rose nonlinear solver.

Iteration   |Rhs|      factor     |step|     error   #inner  #iterative  time
------------------------------------------------------------------------------
    0      7.96e+05                                                      0.04
    1      3.37e+02   1.00e+00   2.07e-03   1.80e+02    0         1      0.14
    2      1.16e-03   1.00e+00   3.49e-06   3.41e-01    0         1      0.23
Finished, because...
Error smaller than 1 ( 3.4122E-01 ).

Accumulated times:
Assembly time:        0.14 s
Solve time:      0.08 s
Total time:      0.23 s

contact        voltage     electron current    hole current     total current
 drain        1.969E-02       1.290E-05         0.000E+00        1.290E-05
 gate         1.500E+00      -1.796E-16        -7.446E-32       -1.734E-16
 source       0.000E+00      -1.290E-05         0.000E+00       -1.290E-05


Computing TR-step from 0.0196852 s to 0.0254568 s (Stepsize: 5.7715e-03 s)
Extrapolating values for t = 0.0254568 ... done.
Computing Coupled( 1 poisson-equation(s) , 1 current-contact-equation(s) , 
                   1 electron-equation(s) , 1 hole-equation(s) ) 
using Bank/Rose nonlinear solver.

Iteration   |Rhs|      factor     |step|     error   #inner  #iterative  time
------------------------------------------------------------------------------
    0      7.86e+05                                                      0.05
    1      3.49e+02   1.00e+00   2.22e-03   1.94e+02    0         1      0.15
    2      1.27e-03   1.00e+00   3.92e-06   3.83e-01    0         1      0.24
Finished, because...
Error smaller than 1 ( 3.8270E-01 ).

Accumulated times:
Assembly time:        0.16 s
Solve time:      0.08 s
Total time:      0.24 s

Computing BDF2-step from 0.0196852 s to 0.0295378 s (Stepsize: 9.8526e-03 s)
Extrapolating values for t = 0.0295378 ... done.
Computing Coupled( 1 poisson-equation(s) , 1 current-contact-equation(s) , 
                   1 electron-equation(s) , 1 hole-equation(s) ) 
using Bank/Rose nonlinear solver.

Iteration   |Rhs|      factor     |step|     error   #inner  #iterative  time
------------------------------------------------------------------------------
    0      1.75e+06                                                      0.04
    1      1.80e+03   1.00e+00   5.11e-03   4.46e+02    0         1      0.14
    2      2.43e-02   1.00e+00   2.09e-05   2.04e+00    0         1      0.23
    3      2.29e-03   1.00e+00   7.79e-09   7.64e-04    0         1      0.32
Finished, because...
Error smaller than 1 ( 7.6437E-04 ).

Accumulated times:
Assembly time:        0.19 s
Solve time:      0.12 s
Total time:      0.32 s

contact        voltage     electron current    hole current     total current
 drain        2.954E-02       1.881E-05         0.000E+00        1.881E-05
 gate         1.500E+00      -2.272E-16        -7.055E-32       -1.728E-16
 source       0.000E+00      -1.881E-05         0.000E+00       -1.881E-05


Computing TR-step from 0.0295378 s to 0.0353957 s (Stepsize: 5.8579e-03 s)
Extrapolating values for t = 0.0353957 ... done.
Computing Coupled( 1 poisson-equation(s) , 1 current-contact-equation(s) , 
                   1 electron-equation(s) , 1 hole-equation(s) ) 
using Bank/Rose nonlinear solver.

Iteration   |Rhs|      factor     |step|     error   #inner  #iterative  time
------------------------------------------------------------------------------
    0      1.00e+06                                                      0.04
    1      6.25e+02   1.00e+00   3.13e-03   2.78e+02    0         1      0.14
    2      5.17e-03   1.00e+00   1.06e-05   1.03e+00    0         1      0.23
    3      2.23e-03   1.00e+00   2.64e-09   2.59e-04    0         1      0.33
Finished, because...
Error smaller than 1 ( 2.5880E-04 ).

Accumulated times:
Assembly time:        0.19 s
Solve time:      0.13 s
Total time:      0.33 s

Computing BDF2-step from 0.0295378 s to 0.0395378 s (Stepsize: 0.01 s)
Extrapolating values for t = 0.0395378 ... done.
Computing Coupled( 1 poisson-equation(s) , 1 current-contact-equation(s) , 
                   1 electron-equation(s) , 1 hole-equation(s) ) 
using Bank/Rose nonlinear solver.

Iteration   |Rhs|      factor     |step|     error   #inner  #iterative  time
------------------------------------------------------------------------------
    0      2.12e+06                                                      0.04
    1      2.89e+03   1.00e+00   6.78e-03   5.98e+02    0         1      0.14
    2      9.83e-02   1.00e+00   4.83e-05   4.69e+00    0         1      0.24
    3      1.92e-03   1.00e+00   5.18e-08   5.07e-03    0         1      0.34
Finished, because...
Error smaller than 1 ( 5.0694E-03 ).

Accumulated times:
Assembly time:        0.20 s
Solve time:      0.13 s
Total time:      0.34 s

contact        voltage     electron current    hole current     total current
 drain        3.954E-02       2.443E-05         0.000E+00        2.443E-05
 gate         1.500E+00      -1.627E-16        -6.663E-32       -1.722E-16
 source       0.000E+00      -2.443E-05         0.000E+00       -2.443E-05


Computing TR-step from 0.0395378 s to 0.0453957 s (Stepsize: 5.8579e-03 s)
Extrapolating values for t = 0.0453957 ... done.
Computing Coupled( 1 poisson-equation(s) , 1 current-contact-equation(s) , 
                   1 electron-equation(s) , 1 hole-equation(s) ) 
using Bank/Rose nonlinear solver.

Iteration   |Rhs|      factor     |step|     error   #inner  #iterative  time
------------------------------------------------------------------------------
    0      1.00e+06                                                      0.04
    1      6.86e+02   1.00e+00   3.31e-03   2.98e+02    0         1      0.15
    2      1.34e-02   1.00e+00   2.06e-05   1.99e+00    0         1      0.24
    3      1.83e-03   1.00e+00   6.87e-09   6.75e-04    0         1      0.34
Finished, because...
Error smaller than 1 ( 6.7477E-04 ).

Accumulated times:
Assembly time:        0.22 s
Solve time:      0.12 s
Total time:      0.34 s

Computing BDF2-step from 0.0395378 s to 0.0495378 s (Stepsize: 0.01 s)
Extrapolating values for t = 0.0495378 ... done.
Computing Coupled( 1 poisson-equation(s) , 1 current-contact-equation(s) , 
                   1 electron-equation(s) , 1 hole-equation(s) ) 
using Bank/Rose nonlinear solver.

Iteration   |Rhs|      factor     |step|     error   #inner  #iterative  time
------------------------------------------------------------------------------
    0      2.12e+06                                                      0.05
    1      3.14e+03   1.00e+00   7.07e-03   6.30e+02    0         1      0.15
    2      2.32e-01   1.00e+00   8.96e-05   8.68e+00    0         1      0.25
    3      3.14e-03   1.00e+00   1.24e-07   1.22e-02    0         1      0.34
Finished, because...
Error smaller than 1 ( 1.2194E-02 ).

Accumulated times:
Assembly time:        0.22 s
Solve time:      0.12 s
Total time:      0.34 s

contact        voltage     electron current    hole current     total current
 drain        4.954E-02       2.971E-05         0.000E+00        2.971E-05
 gate         1.500E+00      -1.347E-16        -6.299E-32       -1.715E-16
 source       0.000E+00      -2.971E-05         0.000E+00       -2.971E-05


Computing TR-step from 0.0495378 s to 0.0553957 s (Stepsize: 5.8579e-03 s)
Extrapolating values for t = 0.0553957 ... done.
Computing Coupled( 1 poisson-equation(s) , 1 current-contact-equation(s) , 
                   1 electron-equation(s) , 1 hole-equation(s) ) 
using Bank/Rose nonlinear solver.

Iteration   |Rhs|      factor     |step|     error   #inner  #iterative  time
------------------------------------------------------------------------------
    0      4.22e+06                                                      0.04
    1      1.30e+04   1.00e+00   1.43e-02   1.24e+03    0         1      0.14
    2      3.25e+00   1.00e+00   3.42e-04   3.31e+01    0         1      0.24
    3      4.31e-03   1.00e+00   1.66e-06   1.63e-01    0         1      0.35
Finished, because...
Error smaller than 1 ( 1.6302E-01 ).

Accumulated times:
Assembly time:        0.22 s
Solve time:      0.13 s
Total time:      0.35 s

Computing BDF2-step from 0.0495378 s to 0.0595378 s (Stepsize: 0.01 s)
Extrapolating values for t = 0.0595378 ... done.
Computing Coupled( 1 poisson-equation(s) , 1 current-contact-equation(s) , 
                   1 electron-equation(s) , 1 hole-equation(s) ) 
using Bank/Rose nonlinear solver.

Iteration   |Rhs|      factor     |step|     error   #inner  #iterative  time
------------------------------------------------------------------------------
    0      6.06e+06                                                      0.04
    1      2.75e+04   1.00e+00   2.05e-02   1.76e+03    0         1      0.15
    2      1.16e+01   1.00e+00   6.80e-04   6.58e+01    0         1      0.24
    3      5.11e-03   1.00e+00   6.11e-06   6.00e-01    0         1      0.33
Finished, because...
Error smaller than 1 ( 6.0026E-01 ).

Accumulated times:
Assembly time:        0.21 s
Solve time:      0.12 s
Total time:      0.33 s

contact        voltage     electron current    hole current     total current
 drain        5.954E-02       3.465E-05         0.000E+00        3.465E-05
 gate         1.500E+00      -1.577E-16        -5.964E-32       -1.707E-16
 source       0.000E+00      -3.465E-05         0.000E+00       -3.465E-05


Computing TR-step from 0.0595378 s to 0.0653957 s (Stepsize: 5.8579e-03 s)
Extrapolating values for t = 0.0653957 ... done.
Computing Coupled( 1 poisson-equation(s) , 1 current-contact-equation(s) , 
                   1 electron-equation(s) , 1 hole-equation(s) ) 
using Bank/Rose nonlinear solver.

Iteration   |Rhs|      factor     |step|     error   #inner  #iterative  time
------------------------------------------------------------------------------
    0      1.57e+06                                                      0.04
    1      1.96e+03   1.00e+00   5.07e-03   4.57e+02    0         1      0.14
    2      2.16e-01   1.00e+00   7.86e-05   7.64e+00    0         1      0.23
    3      4.29e-03   1.00e+00   7.47e-08   7.38e-03    0         1      0.33
Finished, because...
Error smaller than 1 ( 7.3842E-03 ).

Accumulated times:
Assembly time:        0.20 s
Solve time:      0.12 s
Total time:      0.33 s

Computing BDF2-step from 0.0595378 s to 0.0695378 s (Stepsize: 0.01 s)
Extrapolating values for t = 0.0695378 ... done.
Computing Coupled( 1 poisson-equation(s) , 1 current-contact-equation(s) , 
                   1 electron-equation(s) , 1 hole-equation(s) ) 
using Bank/Rose nonlinear solver.

Iteration   |Rhs|      factor     |step|     error   #inner  #iterative  time
------------------------------------------------------------------------------
    0      3.05e+06                                                      0.04
    1      7.58e+03   1.00e+00   9.80e-03   8.69e+02    0         1      0.14
    2      2.48e+00   1.00e+00   2.76e-04   2.68e+01    0         1      0.24
    3      4.39e-03   1.00e+00   8.75e-07   8.65e-02    0         1      0.33
Finished, because...
Error smaller than 1 ( 8.6471E-02 ).

Accumulated times:
Assembly time:        0.19 s
Solve time:      0.13 s
Total time:      0.33 s

contact        voltage     electron current    hole current     total current
 drain        6.954E-02       3.927E-05         0.000E+00        3.927E-05
 gate         1.500E+00      -1.541E-16        -5.642E-32       -1.699E-16
 source       0.000E+00      -3.927E-05         0.000E+00       -3.927E-05


Computing TR-step from 0.0695378 s to 0.0753957 s (Stepsize: 5.8579e-03 s)
Extrapolating values for t = 0.0753957 ... done.
Computing Coupled( 1 poisson-equation(s) , 1 current-contact-equation(s) , 
                   1 electron-equation(s) , 1 hole-equation(s) ) 
using Bank/Rose nonlinear solver.

Iteration   |Rhs|      factor     |step|     error   #inner  #iterative  time
------------------------------------------------------------------------------
    0      5.61e+06                                                      0.05
    1      2.66e+04   1.00e+00   1.79e-02   1.54e+03    0         1      0.15
    2      2.35e+01   1.00e+00   8.43e-04   8.16e+01    0         1      0.24
    3      5.19e-03   1.00e+00   7.56e-06   7.46e-01    0         1      0.34
Finished, because...
Error smaller than 1 ( 7.4593E-01 ).

Accumulated times:
Assembly time:        0.21 s
Solve time:      0.13 s
Total time:      0.34 s

Computing BDF2-step from 0.0695378 s to 0.0795378 s (Stepsize: 0.01 s)
Extrapolating values for t = 0.0795378 ... done.
Computing Coupled( 1 poisson-equation(s) , 1 current-contact-equation(s) , 
                   1 electron-equation(s) , 1 hole-equation(s) ) 
using Bank/Rose nonlinear solver.

Iteration   |Rhs|      factor     |step|     error   #inner  #iterative  time
------------------------------------------------------------------------------
    0      7.72e+06                                                      0.04
    1      5.17e+04   1.00e+00   2.45e-02   2.07e+03    0         1      0.15
    2      6.09e+01   1.00e+00   1.48e-03   1.43e+02    0         1      0.24
    3      6.61e-02   1.00e+00   2.21e-05   2.18e+00    0         1      0.34
    4      4.25e-03   1.00e+00   8.87e-09   8.83e-04    0         1      0.44
Finished, because...
Error smaller than 1 ( 8.8257E-04 ).

Accumulated times:
Assembly time:        0.26 s
Solve time:      0.18 s
Total time:      0.44 s

contact        voltage     electron current    hole current     total current
 drain        7.954E-02       4.361E-05         0.000E+00        4.361E-05
 gate         1.500E+00      -1.809E-16        -5.343E-32       -1.690E-16
 source       0.000E+00      -4.361E-05         0.000E+00       -4.361E-05


Computing TR-step from 0.0795378 s to 0.0853957 s (Stepsize: 5.8579e-03 s)
Extrapolating values for t = 0.0853957 ... done.
Computing Coupled( 1 poisson-equation(s) , 1 current-contact-equation(s) , 
                   1 electron-equation(s) , 1 hole-equation(s) ) 
using Bank/Rose nonlinear solver.

Iteration   |Rhs|      factor     |step|     error   #inner  #iterative  time
------------------------------------------------------------------------------
    0      1.52e+06                                                      0.05
    1      2.12e+03   1.00e+00   4.49e-03   4.03e+02    0         1      0.14
    2      7.83e-01   1.00e+00   8.77e-05   8.56e+00    0         1      0.24
    3      3.97e-03   1.00e+00   1.11e-07   1.10e-02    0         1      0.34
Finished, because...
Error smaller than 1 ( 1.1011E-02 ).

Accumulated times:
Assembly time:        0.20 s
Solve time:      0.14 s
Total time:      0.34 s

Computing BDF2-step from 0.0795378 s to 0.0895378 s (Stepsize: 0.01 s)
Extrapolating values for t = 0.0895378 ... done.
Computing Coupled( 1 poisson-equation(s) , 1 current-contact-equation(s) , 
                   1 electron-equation(s) , 1 hole-equation(s) ) 
using Bank/Rose nonlinear solver.

Iteration   |Rhs|      factor     |step|     error   #inner  #iterative  time
------------------------------------------------------------------------------
    0      2.94e+06                                                      0.05
    1      8.12e+03   1.00e+00   8.66e-03   7.65e+02    0         1      0.15
    2      1.01e+01   1.00e+00   3.01e-04   2.94e+01    0         1      0.24
    3      4.41e-03   1.00e+00   1.23e-06   1.22e-01    0         1      0.34
Finished, because...
Error smaller than 1 ( 1.2234E-01 ).

Accumulated times:
Assembly time:        0.22 s
Solve time:      0.12 s
Total time:      0.34 s

contact        voltage     electron current    hole current     total current
 drain        8.954E-02       4.768E-05         0.000E+00        4.768E-05
 gate         1.500E+00      -1.977E-16        -5.058E-32       -1.680E-16
 source       0.000E+00      -4.768E-05         0.000E+00       -4.768E-05


Computing TR-step from 0.0895378 s to 0.0953957 s (Stepsize: 5.8579e-03 s)
Extrapolating values for t = 0.0953957 ... done.
Computing Coupled( 1 poisson-equation(s) , 1 current-contact-equation(s) , 
                   1 electron-equation(s) , 1 hole-equation(s) ) 
using Bank/Rose nonlinear solver.

Iteration   |Rhs|      factor     |step|     error   #inner  #iterative  time
------------------------------------------------------------------------------
    0      5.40e+06                                                      0.04
    1      2.83e+04   1.00e+00   1.58e-02   1.36e+03    0         1      0.14
    2      7.85e+01   1.00e+00   8.98e-04   8.72e+01    0         1      0.23
    3      6.44e-02   1.00e+00   1.01e-05   1.00e+00    0         1      0.32
Finished, because...
Error smaller than 1 ( 9.9951E-01 ).

Accumulated times:
Assembly time:        0.20 s
Solve time:      0.12 s
Total time:      0.32 s

Computing BDF2-step from 0.0895378 s to 0.0995378 s (Stepsize: 0.01 s)
Extrapolating values for t = 0.0995378 ... done.
Computing Coupled( 1 poisson-equation(s) , 1 current-contact-equation(s) , 
                   1 electron-equation(s) , 1 hole-equation(s) ) 
using Bank/Rose nonlinear solver.

Iteration   |Rhs|      factor     |step|     error   #inner  #iterative  time
------------------------------------------------------------------------------
    0      7.43e+06                                                      0.04
    1      5.46e+04   1.00e+00   2.17e-02   1.82e+03    0         1      0.14
    2      1.78e+02   1.00e+00   1.56e-03   1.51e+02    0         1      0.24
    3      4.52e-01   1.00e+00   2.88e-05   2.86e+00    0         1      0.33
    4      4.30e-03   1.00e+00   2.79e-08   2.79e-03    0         1      0.43
Finished, because...
Error smaller than 1 ( 2.7861E-03 ).

Accumulated times:
Assembly time:        0.26 s
Solve time:      0.16 s
Total time:      0.43 s

contact        voltage     electron current    hole current     total current
 drain        9.954E-02       5.151E-05         0.000E+00        5.151E-05
 gate         1.500E+00      -1.191E-16        -4.767E-32       -1.670E-16
 source       0.000E+00      -5.151E-05         0.000E+00       -5.151E-05


Computing TR-step from 0.0995378 s to 0.105396 s (Stepsize: 5.8579e-03 s)
Extrapolating values for t = 0.105396 ... done.
Computing Coupled( 1 poisson-equation(s) , 1 current-contact-equation(s) , 
                   1 electron-equation(s) , 1 hole-equation(s) ) 
using Bank/Rose nonlinear solver.

Iteration   |Rhs|      factor     |step|     error   #inner  #iterative  time
------------------------------------------------------------------------------
    0      1.43e+06                                                      0.04
    1      2.13e+03   1.00e+00   4.12e-03   3.67e+02    0         1      0.14
    2      2.31e+00   1.00e+00   8.77e-05   8.58e+00    0         1      0.24
    3      9.75e-03   1.00e+00   1.54e-07   1.53e-02    0         1      0.34
Finished, because...
Error smaller than 1 ( 1.5308E-02 ).

Accumulated times:
Assembly time:        0.22 s
Solve time:      0.12 s
Total time:      0.34 s

Computing BDF2-step from 0.0995378 s to 0.109538 s (Stepsize: 0.01 s)
Extrapolating values for t = 0.109538 ... done.
Computing Coupled( 1 poisson-equation(s) , 1 current-contact-equation(s) , 
                   1 electron-equation(s) , 1 hole-equation(s) ) 
using Bank/Rose nonlinear solver.

Iteration   |Rhs|      factor     |step|     error   #inner  #iterative  time
------------------------------------------------------------------------------
    0      2.77e+06                                                      0.04
    1      8.11e+03   1.00e+00   7.97e-03   6.97e+02    0         1      0.14
    2      1.98e+01   1.00e+00   3.01e-04   2.94e+01    0         1      0.24
    3      7.86e-03   1.00e+00   1.63e-06   1.62e-01    0         1      0.34
Finished, because...
Error smaller than 1 ( 1.6205E-01 ).

Accumulated times:
Assembly time:        0.22 s
Solve time:      0.12 s
Total time:      0.34 s

contact        voltage     electron current    hole current     total current
 drain        1.095E-01       5.511E-05         0.000E+00        5.511E-05
 gate         1.500E+00      -1.542E-16        -4.517E-32       -1.659E-16
 source       0.000E+00      -5.511E-05         0.000E+00       -5.511E-05


Computing TR-step from 0.109538 s to 0.115396 s (Stepsize: 5.8579e-03 s)
Extrapolating values for t = 0.115396 ... done.
Computing Coupled( 1 poisson-equation(s) , 1 current-contact-equation(s) , 
                   1 electron-equation(s) , 1 hole-equation(s) ) 
using Bank/Rose nonlinear solver.

Iteration   |Rhs|      factor     |step|     error   #inner  #iterative  time
------------------------------------------------------------------------------
    0      5.09e+06                                                      0.04
    1      2.79e+04   1.00e+00   1.46e-02   1.24e+03    0         1      0.14
    2      8.91e+01   1.00e+00   8.94e-04   8.69e+01    0         1      0.23
    3      1.07e-01   1.00e+00   1.22e-05   1.22e+00    0         1      0.33
    4      7.23e-03   1.00e+00   5.32e-09   5.32e-04    0         1      0.42
Finished, because...
Error smaller than 1 ( 5.3192E-04 ).

Accumulated times:
Assembly time:        0.26 s
Solve time:      0.16 s
Total time:      0.42 s

Computing BDF2-step from 0.109538 s to 0.119538 s (Stepsize: 0.01 s)
Extrapolating values for t = 0.119538 ... done.
Computing Coupled( 1 poisson-equation(s) , 1 current-contact-equation(s) , 
                   1 electron-equation(s) , 1 hole-equation(s) ) 
using Bank/Rose nonlinear solver.

Iteration   |Rhs|      factor     |step|     error   #inner  #iterative  time
------------------------------------------------------------------------------
    0      6.99e+06                                                      0.05
    1      5.36e+04   1.00e+00   2.01e-02   1.66e+03    0         1      0.14
    2      2.58e+02   1.00e+00   1.55e-03   1.50e+02    0         1      0.23
    3      7.14e-01   1.00e+00   3.29e-05   3.28e+00    0         1      0.32
    4      8.54e-03   1.00e+00   3.29e-08   3.28e-03    0         1      0.42
Finished, because...
Error smaller than 1 ( 3.2843E-03 ).

Accumulated times:
Assembly time:        0.24 s
Solve time:      0.16 s
Total time:      0.42 s

contact        voltage     electron current    hole current     total current
 drain        1.195E-01       5.851E-05         0.000E+00        5.851E-05
 gate         1.500E+00      -1.528E-16        -4.273E-32       -1.648E-16
 source       0.000E+00      -5.851E-05         0.000E+00       -5.851E-05


Computing TR-step from 0.119538 s to 0.125396 s (Stepsize: 5.8579e-03 s)
Extrapolating values for t = 0.125396 ... done.
Computing Coupled( 1 poisson-equation(s) , 1 current-contact-equation(s) , 
                   1 electron-equation(s) , 1 hole-equation(s) ) 
using Bank/Rose nonlinear solver.

Iteration   |Rhs|      factor     |step|     error   #inner  #iterative  time
------------------------------------------------------------------------------
    0      1.31e+06                                                      0.04
    1      1.94e+03   1.00e+00   3.91e-03   3.43e+02    0         1      0.14
    2      1.67e+00   1.00e+00   8.59e-05   8.41e+00    0         1      0.24
    3      1.02e-02   1.00e+00   1.58e-07   1.57e-02    0         1      0.33
Finished, because...
Error smaller than 1 ( 1.5723E-02 ).

Accumulated times:
Assembly time:        0.20 s
Solve time:      0.12 s
Total time:      0.33 s

Computing BDF2-step from 0.119538 s to 0.129538 s (Stepsize: 0.01 s)
Extrapolating values for t = 0.129538 ... done.
Computing Coupled( 1 poisson-equation(s) , 1 current-contact-equation(s) , 
                   1 electron-equation(s) , 1 hole-equation(s) ) 
using Bank/Rose nonlinear solver.

Iteration   |Rhs|      factor     |step|     error   #inner  #iterative  time
------------------------------------------------------------------------------
    0      2.53e+06                                                      0.04
    1      7.35e+03   1.00e+00   7.58e-03   6.53e+02    0         1      0.13
    2      1.27e+01   1.00e+00   2.95e-04   2.88e+01    0         1      0.22
    3      9.62e-03   1.00e+00   1.62e-06   1.62e-01    0         1      0.31
Finished, because...
Error smaller than 1 ( 1.6202E-01 ).

Accumulated times:
Assembly time:        0.19 s
Solve time:      0.11 s
Total time:      0.31 s

contact        voltage     electron current    hole current     total current
 drain        1.295E-01       6.173E-05         0.000E+00        6.173E-05
 gate         1.500E+00      -1.493E-16        -4.042E-32       -1.637E-16
 source       0.000E+00      -6.173E-05         0.000E+00       -6.173E-05


Computing TR-step from 0.129538 s to 0.135396 s (Stepsize: 5.8579e-03 s)
Extrapolating values for t = 0.135396 ... done.
Computing Coupled( 1 poisson-equation(s) , 1 current-contact-equation(s) , 
                   1 electron-equation(s) , 1 hole-equation(s) ) 
using Bank/Rose nonlinear solver.

Iteration   |Rhs|      factor     |step|     error   #inner  #iterative  time
------------------------------------------------------------------------------
    0      4.64e+06                                                      0.04
    1      2.55e+04   1.00e+00   1.39e-02   1.16e+03    0         1      0.14
    2      1.03e+02   1.00e+00   8.76e-04   8.51e+01    0         1      0.23
    3      9.54e-02   1.00e+00   1.20e-05   1.20e+00    0         1      0.32
    4      8.88e-03   1.00e+00   3.91e-09   3.91e-04    0         1      0.41
Finished, because...
Error smaller than 1 ( 3.9054E-04 ).

Accumulated times:
Assembly time:        0.24 s
Solve time:      0.16 s
Total time:      0.41 s

Computing BDF2-step from 0.129538 s to 0.139538 s (Stepsize: 0.01 s)
Extrapolating values for t = 0.139538 ... done.
Computing Coupled( 1 poisson-equation(s) , 1 current-contact-equation(s) , 
                   1 electron-equation(s) , 1 hole-equation(s) ) 
using Bank/Rose nonlinear solver.

Iteration   |Rhs|      factor     |step|     error   #inner  #iterative  time
------------------------------------------------------------------------------
    0      6.37e+06                                                      0.04
    1      4.98e+04   1.00e+00   1.92e-02   1.56e+03    0         1      0.13
    2      2.94e+02   1.00e+00   1.52e-03   1.47e+02    0         1      0.22
    3      5.16e-01   1.00e+00   3.26e-05   3.25e+00    0         1      0.32
    4      9.62e-03   1.00e+00   2.71e-08   2.71e-03    0         1      0.41
Finished, because...
Error smaller than 1 ( 2.7067E-03 ).

Accumulated times:
Assembly time:        0.25 s
Solve time:      0.16 s
Total time:      0.41 s

contact        voltage     electron current    hole current     total current
 drain        1.395E-01       6.479E-05         0.000E+00        6.479E-05
 gate         1.500E+00      -1.978E-16        -3.836E-32       -1.625E-16
 source       0.000E+00      -6.479E-05         0.000E+00       -6.479E-05


Computing TR-step from 0.139538 s to 0.145396 s (Stepsize: 5.8579e-03 s)
Extrapolating values for t = 0.145396 ... done.
Computing Coupled( 1 poisson-equation(s) , 1 current-contact-equation(s) , 
                   1 electron-equation(s) , 1 hole-equation(s) ) 
using Bank/Rose nonlinear solver.

Iteration   |Rhs|      factor     |step|     error   #inner  #iterative  time
------------------------------------------------------------------------------
    0      1.17e+06                                                      0.04
    1      2.18e+03   1.00e+00   3.80e-03   3.28e+02    0         1      0.15
    2      2.34e+00   1.00e+00   8.58e-05   8.41e+00    0         1      0.26
    3      9.11e-03   1.00e+00   1.47e-07   1.47e-02    0         1      0.35
Finished, because...
Error smaller than 1 ( 1.4685E-02 ).

Accumulated times:
Assembly time:        0.21 s
Solve time:      0.13 s
Total time:      0.35 s

Computing BDF2-step from 0.139538 s to 0.149538 s (Stepsize: 0.01 s)
Extrapolating values for t = 0.149538 ... done.
Computing Coupled( 1 poisson-equation(s) , 1 current-contact-equation(s) , 
                   1 electron-equation(s) , 1 hole-equation(s) ) 
using Bank/Rose nonlinear solver.

Iteration   |Rhs|      factor     |step|     error   #inner  #iterative  time
------------------------------------------------------------------------------
    0      2.26e+06                                                      0.04
    1      8.42e+03   1.00e+00   7.39e-03   6.27e+02    0         1      0.14
    2      2.62e+01   1.00e+00   2.95e-04   2.89e+01    0         1      0.24
    3      9.90e-03   1.00e+00   1.57e-06   1.56e-01    0         1      0.34
Finished, because...
Error smaller than 1 ( 1.5641E-01 ).

Accumulated times:
Assembly time:        0.20 s
Solve time:      0.13 s
Total time:      0.34 s

contact        voltage     electron current    hole current     total current
 drain        1.495E-01       6.771E-05         0.000E+00        6.771E-05
 gate         1.500E+00      -1.325E-16        -3.618E-32       -1.614E-16
 source       0.000E+00      -6.771E-05         0.000E+00       -6.771E-05


Computing TR-step from 0.149538 s to 0.155396 s (Stepsize: 5.8579e-03 s)
Extrapolating values for t = 0.155396 ... done.
Computing Coupled( 1 poisson-equation(s) , 1 current-contact-equation(s) , 
                   1 electron-equation(s) , 1 hole-equation(s) ) 
using Bank/Rose nonlinear solver.

Iteration   |Rhs|      factor     |step|     error   #inner  #iterative  time
------------------------------------------------------------------------------
    0      4.16e+06                                                      0.04
    1      2.95e+04   1.00e+00   1.36e-02   1.12e+03    0         1      0.14
    2      1.80e+02   1.00e+00   8.80e-04   8.58e+01    0         1      0.23
    3      8.80e-02   1.00e+00   1.21e-05   1.21e+00    0         1      0.33
    4      1.07e-02   1.00e+00   4.94e-09   4.94e-04    0         1      0.42
Finished, because...
Error smaller than 1 ( 4.9409E-04 ).

Accumulated times:
Assembly time:        0.26 s
Solve time:      0.16 s
Total time:      0.42 s

Computing BDF2-step from 0.149538 s to 0.159538 s (Stepsize: 0.01 s)
Extrapolating values for t = 0.159538 ... done.
Computing Coupled( 1 poisson-equation(s) , 1 current-contact-equation(s) , 
                   1 electron-equation(s) , 1 hole-equation(s) ) 
using Bank/Rose nonlinear solver.

Iteration   |Rhs|      factor     |step|     error   #inner  #iterative  time
------------------------------------------------------------------------------
    0      5.73e+06                                                      0.04
    1      5.72e+04   1.00e+00   1.87e-02   1.51e+03    0         1      0.14
    2      3.98e+02   1.00e+00   1.53e-03   1.48e+02    0         1      0.23
    3      4.57e-01   1.00e+00   3.32e-05   3.31e+00    0         1      0.33
    4      8.84e-03   1.00e+00   3.01e-08   3.01e-03    0         1      0.43
Finished, because...
Error smaller than 1 ( 3.0127E-03 ).

Accumulated times:
Assembly time:        0.26 s
Solve time:      0.17 s
Total time:      0.43 s

contact        voltage     electron current    hole current     total current
 drain        1.595E-01       7.051E-05         0.000E+00        7.051E-05
 gate         1.500E+00      -1.651E-16        -3.432E-32       -1.603E-16
 source       0.000E+00      -7.051E-05         0.000E+00       -7.051E-05


Computing TR-step from 0.159538 s to 0.165396 s (Stepsize: 5.8579e-03 s)
Extrapolating values for t = 0.165396 ... done.
Computing Coupled( 1 poisson-equation(s) , 1 current-contact-equation(s) , 
                   1 electron-equation(s) , 1 hole-equation(s) ) 
using Bank/Rose nonlinear solver.

Iteration   |Rhs|      factor     |step|     error   #inner  #iterative  time
------------------------------------------------------------------------------
    0      1.13e+06                                                      0.04
    1      2.40e+03   1.00e+00   3.72e-03   3.20e+02    0         1      0.14
    2      2.28e+00   1.00e+00   8.09e-05   7.96e+00    0         1      0.24
    3      1.07e-02   1.00e+00   1.29e-07   1.29e-02    0         1      0.34
Finished, because...
Error smaller than 1 ( 1.2862E-02 ).

Accumulated times:
Assembly time:        0.19 s
Solve time:      0.13 s
Total time:      0.34 s

Computing BDF2-step from 0.159538 s to 0.169538 s (Stepsize: 0.01 s)
Extrapolating values for t = 0.169538 ... done.
Computing Coupled( 1 poisson-equation(s) , 1 current-contact-equation(s) , 
                   1 electron-equation(s) , 1 hole-equation(s) ) 
using Bank/Rose nonlinear solver.

Iteration   |Rhs|      factor     |step|     error   #inner  #iterative  time
------------------------------------------------------------------------------
    0      2.18e+06                                                      0.04
    1      9.19e+03   1.00e+00   7.21e-03   6.11e+02    0         1      0.16
    2      2.54e+01   1.00e+00   2.77e-04   2.72e+01    0         1      0.26
    3      9.78e-03   1.00e+00   1.38e-06   1.38e-01    0         1      0.36
Finished, because...
Error smaller than 1 ( 1.3808E-01 ).

Accumulated times:
Assembly time:        0.21 s
Solve time:      0.13 s
Total time:      0.36 s

contact        voltage     electron current    hole current     total current
 drain        1.695E-01       7.321E-05         0.000E+00        7.321E-05
 gate         1.500E+00      -1.227E-16        -3.241E-32       -1.591E-16
 source       0.000E+00      -7.321E-05         0.000E+00       -7.321E-05


Computing TR-step from 0.169538 s to 0.175396 s (Stepsize: 5.8579e-03 s)
Extrapolating values for t = 0.175396 ... done.
Computing Coupled( 1 poisson-equation(s) , 1 current-contact-equation(s) , 
                   1 electron-equation(s) , 1 hole-equation(s) ) 
using Bank/Rose nonlinear solver.

Iteration   |Rhs|      factor     |step|     error   #inner  #iterative  time
------------------------------------------------------------------------------
    0      4.00e+06                                                      0.04
    1      3.18e+04   1.00e+00   1.32e-02   1.09e+03    0         1      0.14
    2      2.47e+02   1.00e+00   8.24e-04   8.08e+01    0         1      0.23
    3      2.19e-01   1.00e+00   1.09e-05   1.08e+00    0         1      0.33
    4      1.03e-02   1.00e+00   4.25e-09   4.25e-04    0         1      0.43
Finished, because...
Error smaller than 1 ( 4.2513E-04 ).

Accumulated times:
Assembly time:        0.26 s
Solve time:      0.17 s
Total time:      0.43 s

Computing BDF2-step from 0.169538 s to 0.179538 s (Stepsize: 0.01 s)
Extrapolating values for t = 0.179538 ... done.
Computing Coupled( 1 poisson-equation(s) , 1 current-contact-equation(s) , 
                   1 electron-equation(s) , 1 hole-equation(s) ) 
using Bank/Rose nonlinear solver.

Iteration   |Rhs|      factor     |step|     error   #inner  #iterative  time
------------------------------------------------------------------------------
    0      5.50e+06                                                      0.04
    1      6.12e+04   1.00e+00   1.82e-02   1.47e+03    0         1      0.14
    2      7.13e+02   1.00e+00   1.43e-03   1.40e+02    0         1      0.24
    3      1.26e+00   1.00e+00   3.01e-05   3.00e+00    0         1      0.33
    4      9.59e-03   1.00e+00   2.86e-08   2.86e-03    0         1      0.43
Finished, because...
Error smaller than 1 ( 2.8637E-03 ).

Accumulated times:
Assembly time:        0.24 s
Solve time:      0.18 s
Total time:      0.43 s

contact        voltage     electron current    hole current     total current
 drain        1.795E-01       7.582E-05         0.000E+00        7.582E-05
 gate         1.500E+00      -1.510E-16        -3.077E-32       -1.581E-16
 source       0.000E+00      -7.582E-05         0.000E+00       -7.582E-05


Computing TR-step from 0.179538 s to 0.185396 s (Stepsize: 5.8579e-03 s)
Extrapolating values for t = 0.185396 ... done.
Computing Coupled( 1 poisson-equation(s) , 1 current-contact-equation(s) , 
                   1 electron-equation(s) , 1 hole-equation(s) ) 
using Bank/Rose nonlinear solver.

Iteration   |Rhs|      factor     |step|     error   #inner  #iterative  time
------------------------------------------------------------------------------
    0      1.07e+06                                                      0.04
    1      2.40e+03   1.00e+00   3.51e-03   3.02e+02    0         1      0.13
    2      2.83e+00   1.00e+00   7.45e-05   7.36e+00    0         1      0.22
    3      8.22e-03   1.00e+00   1.19e-07   1.19e-02    0         1      0.32
Finished, because...
Error smaller than 1 ( 1.1887E-02 ).

Accumulated times:
Assembly time:        0.20 s
Solve time:      0.12 s
Total time:      0.32 s

Computing BDF2-step from 0.179538 s to 0.189538 s (Stepsize: 0.01 s)
Extrapolating values for t = 0.189538 ... done.
Computing Coupled( 1 poisson-equation(s) , 1 current-contact-equation(s) , 
                   1 electron-equation(s) , 1 hole-equation(s) ) 
using Bank/Rose nonlinear solver.

Iteration   |Rhs|      factor     |step|     error   #inner  #iterative  time
------------------------------------------------------------------------------
    0      2.06e+06                                                      0.05
    1      9.10e+03   1.00e+00   6.81e-03   5.75e+02    0         1      0.14
    2      2.54e+01   1.00e+00   2.56e-04   2.53e+01    0         1      0.24
    3      8.83e-03   1.00e+00   1.25e-06   1.24e-01    0         1      0.34
Finished, because...
Error smaller than 1 ( 1.2433E-01 ).

Accumulated times:
Assembly time:        0.20 s
Solve time:      0.14 s
Total time:      0.34 s

contact        voltage     electron current    hole current     total current
 drain        1.895E-01       7.836E-05         0.000E+00        7.836E-05
 gate         1.500E+00      -1.662E-16        -2.920E-32       -1.570E-16
 source       0.000E+00      -7.836E-05         0.000E+00       -7.836E-05


Computing TR-step from 0.189538 s to 0.195396 s (Stepsize: 5.8579e-03 s)
Extrapolating values for t = 0.195396 ... done.
Computing Coupled( 1 poisson-equation(s) , 1 current-contact-equation(s) , 
                   1 electron-equation(s) , 1 hole-equation(s) ) 
using Bank/Rose nonlinear solver.

Iteration   |Rhs|      factor     |step|     error   #inner  #iterative  time
------------------------------------------------------------------------------
    0      3.76e+06                                                      0.04
    1      3.10e+04   1.00e+00   1.25e-02   1.03e+03    0         1      0.14
    2      1.85e+02   1.00e+00   7.65e-04   7.53e+01    0         1      0.24
    3      1.97e-01   1.00e+00   9.53e-06   9.51e-01    0         1      0.34
Finished, because...
Error smaller than 1 ( 9.5123E-01 ).

Accumulated times:
Assembly time:        0.19 s
Solve time:      0.15 s
Total time:      0.34 s

Computing BDF2-step from 0.189538 s to 0.199538 s (Stepsize: 0.01 s)
Extrapolating values for t = 0.199538 ... done.
Computing Coupled( 1 poisson-equation(s) , 1 current-contact-equation(s) , 
                   1 electron-equation(s) , 1 hole-equation(s) ) 
using Bank/Rose nonlinear solver.

Iteration   |Rhs|      factor     |step|     error   #inner  #iterative  time
------------------------------------------------------------------------------
    0      5.16e+06                                                      0.05
    1      5.91e+04   1.00e+00   1.72e-02   1.39e+03    0         1      0.14
    2      4.71e+02   1.00e+00   1.33e-03   1.31e+02    0         1      0.24
    3      1.38e+00   1.00e+00   2.62e-05   2.61e+00    0         1      0.34
    4      7.73e-03   1.00e+00   2.21e-08   2.21e-03    0         1      0.44
Finished, because...
Error smaller than 1 ( 2.2097E-03 ).

Accumulated times:
Assembly time:        0.25 s
Solve time:      0.18 s
Total time:      0.44 s

contact        voltage     electron current    hole current     total current
 drain        1.995E-01       8.084E-05         0.000E+00        8.084E-05
 gate         1.500E+00      -1.923E-16        -2.776E-32       -1.560E-16
 source       0.000E+00      -8.084E-05         0.000E+00       -8.084E-05


Computing TR-step from 0.199538 s to 0.205396 s (Stepsize: 5.8579e-03 s)
Extrapolating values for t = 0.205396 ... done.
Computing Coupled( 1 poisson-equation(s) , 1 current-contact-equation(s) , 
                   1 electron-equation(s) , 1 hole-equation(s) ) 
using Bank/Rose nonlinear solver.

Iteration   |Rhs|      factor     |step|     error   #inner  #iterative  time
------------------------------------------------------------------------------
    0      9.71e+05                                                      0.04
    1      2.11e+03   1.00e+00   3.32e-03   2.81e+02    0         1      0.14
    2      2.26e+00   1.00e+00   6.60e-05   6.54e+00    0         1      0.24
    3      8.49e-03   1.00e+00   9.00e-08   8.99e-03    0         1      0.34
Finished, because...
Error smaller than 1 ( 8.9923E-03 ).

Accumulated times:
Assembly time:        0.20 s
Solve time:      0.13 s
Total time:      0.34 s

Computing BDF2-step from 0.199538 s to 0.209538 s (Stepsize: 0.01 s)
Extrapolating values for t = 0.209538 ... done.
Computing Coupled( 1 poisson-equation(s) , 1 current-contact-equation(s) , 
                   1 electron-equation(s) , 1 hole-equation(s) ) 
using Bank/Rose nonlinear solver.

Iteration   |Rhs|      factor     |step|     error   #inner  #iterative  time
------------------------------------------------------------------------------
    0      1.87e+06                                                      0.04
    1      7.90e+03   1.00e+00   6.44e-03   5.35e+02    0         1      0.14
    2      2.41e+01   1.00e+00   2.26e-04   2.23e+01    0         1      0.24
    3      1.77e-02   1.00e+00   9.42e-07   9.41e-02    0         1      0.34
Finished, because...
Error smaller than 1 ( 9.4093E-02 ).

Accumulated times:
Assembly time:        0.19 s
Solve time:      0.14 s
Total time:      0.34 s

contact        voltage     electron current    hole current     total current
 drain        2.095E-01       8.328E-05         0.000E+00        8.328E-05
 gate         1.500E+00      -1.406E-16        -2.623E-32       -1.551E-16
 source       0.000E+00      -8.328E-05         0.000E+00       -8.328E-05


Computing TR-step from 0.209538 s to 0.215396 s (Stepsize: 5.8579e-03 s)
Extrapolating values for t = 0.215396 ... done.
Computing Coupled( 1 poisson-equation(s) , 1 current-contact-equation(s) , 
                   1 electron-equation(s) , 1 hole-equation(s) ) 
using Bank/Rose nonlinear solver.

Iteration   |Rhs|      factor     |step|     error   #inner  #iterative  time
------------------------------------------------------------------------------
    0      3.41e+06                                                      0.04
    1      2.75e+04   1.00e+00   1.19e-02   9.59e+02    0         1      0.15
    2      1.56e+02   1.00e+00   6.72e-04   6.64e+01    0         1      0.24
    3      4.62e-02   1.00e+00   7.22e-06   7.21e-01    0         1      0.34
Finished, because...
Error smaller than 1 ( 7.2111E-01 ).

Accumulated times:
Assembly time:        0.20 s
Solve time:      0.14 s
Total time:      0.34 s

Computing BDF2-step from 0.209538 s to 0.219538 s (Stepsize: 0.01 s)
Extrapolating values for t = 0.219538 ... done.
Computing Coupled( 1 poisson-equation(s) , 1 current-contact-equation(s) , 
                   1 electron-equation(s) , 1 hole-equation(s) ) 
using Bank/Rose nonlinear solver.

Iteration   |Rhs|      factor     |step|     error   #inner  #iterative  time
------------------------------------------------------------------------------
    0      4.67e+06                                                      0.04
    1      5.41e+04   1.00e+00   1.64e-02   1.29e+03    0         1      0.14
    2      3.50e+02   1.00e+00   1.17e-03   1.15e+02    0         1      0.24
    3      2.64e-01   1.00e+00   2.00e-05   2.00e+00    0         1      0.34
    4      1.44e-02   1.00e+00   1.12e-08   1.12e-03    0         1      0.44
Finished, because...
Error smaller than 1 ( 1.1167E-03 ).

Accumulated times:
Assembly time:        0.25 s
Solve time:      0.17 s
Total time:      0.44 s

contact        voltage     electron current    hole current     total current
 drain        2.195E-01       8.568E-05         0.000E+00        8.568E-05
 gate         1.500E+00      -1.483E-16        -2.491E-32       -1.542E-16
 source       0.000E+00      -8.568E-05         0.000E+00       -8.568E-05


Computing TR-step from 0.219538 s to 0.225396 s (Stepsize: 5.8579e-03 s)
Extrapolating values for t = 0.225396 ... done.
Computing Coupled( 1 poisson-equation(s) , 1 current-contact-equation(s) , 
                   1 electron-equation(s) , 1 hole-equation(s) ) 
using Bank/Rose nonlinear solver.

Iteration   |Rhs|      factor     |step|     error   #inner  #iterative  time
------------------------------------------------------------------------------
    0      8.40e+05                                                      0.04
    1      2.46e+03   1.00e+00   3.15e-03   2.57e+02    0         1      0.14
    2      2.69e+00   1.00e+00   5.74e-05   5.69e+00    0         1      0.24
    3      1.61e-02   1.00e+00   7.21e-08   7.21e-03    0         1      0.34
Finished, because...
Error smaller than 1 ( 7.2084E-03 ).

Accumulated times:
Assembly time:        0.20 s
Solve time:      0.14 s
Total time:      0.34 s

Computing BDF2-step from 0.219538 s to 0.229538 s (Stepsize: 0.01 s)
Extrapolating values for t = 0.229538 ... done.
Computing Coupled( 1 poisson-equation(s) , 1 current-contact-equation(s) , 
                   1 electron-equation(s) , 1 hole-equation(s) ) 
using Bank/Rose nonlinear solver.

Iteration   |Rhs|      factor     |step|     error   #inner  #iterative  time
------------------------------------------------------------------------------
    0      1.61e+06                                                      0.04
    1      9.47e+03   1.00e+00   6.14e-03   4.91e+02    0         1      0.14
    2      2.70e+01   1.00e+00   1.99e-04   1.96e+01    0         1      0.24
    3      1.95e-02   1.00e+00   7.76e-07   7.76e-02    0         1      0.34
Finished, because...
Error smaller than 1 ( 7.7569E-02 ).

Accumulated times:
Assembly time:        0.20 s
Solve time:      0.13 s
Total time:      0.34 s

contact        voltage     electron current    hole current     total current
 drain        2.295E-01       8.805E-05         0.000E+00        8.805E-05
 gate         1.500E+00      -1.517E-16        -2.367E-32       -1.534E-16
 source       0.000E+00      -8.805E-05         0.000E+00       -8.805E-05


Computing TR-step from 0.229538 s to 0.235396 s (Stepsize: 5.8579e-03 s)
Extrapolating values for t = 0.235396 ... done.
Computing Coupled( 1 poisson-equation(s) , 1 current-contact-equation(s) , 
                   1 electron-equation(s) , 1 hole-equation(s) ) 
using Bank/Rose nonlinear solver.

Iteration   |Rhs|      factor     |step|     error   #inner  #iterative  time
------------------------------------------------------------------------------
    0      2.94e+06                                                      0.04
    1      3.31e+04   1.00e+00   1.14e-02   8.82e+02    0         1      0.14
    2      1.70e+02   1.00e+00   5.97e-04   5.88e+01    0         1      0.24
    3      3.83e-02   1.00e+00   6.05e-06   6.04e-01    0         1      0.34
Finished, because...
Error smaller than 1 ( 6.0440E-01 ).

Accumulated times:
Assembly time:        0.20 s
Solve time:      0.14 s
Total time:      0.34 s

Computing BDF2-step from 0.229538 s to 0.239538 s (Stepsize: 0.01 s)
Extrapolating values for t = 0.239538 ... done.
Computing Coupled( 1 poisson-equation(s) , 1 current-contact-equation(s) , 
                   1 electron-equation(s) , 1 hole-equation(s) ) 
using Bank/Rose nonlinear solver.

Iteration   |Rhs|      factor     |step|     error   #inner  #iterative  time
------------------------------------------------------------------------------
    0      4.01e+06                                                      0.04
    1      6.42e+04   1.00e+00   1.57e-02   1.19e+03    0         1      0.14
    2      3.67e+02   1.00e+00   1.04e-03   1.02e+02    0         1      0.24
    3      1.76e-01   1.00e+00   1.68e-05   1.68e+00    0         1      0.34
    4      2.04e-02   1.00e+00   6.76e-09   6.75e-04    0         1      0.43
Finished, because...
Error smaller than 1 ( 6.7529E-04 ).

Accumulated times:
Assembly time:        0.25 s
Solve time:      0.17 s
Total time:      0.43 s

contact        voltage     electron current    hole current     total current
 drain        2.395E-01       9.040E-05         0.000E+00        9.040E-05
 gate         1.500E+00      -1.064E-16        -2.240E-32       -1.526E-16
 source       0.000E+00      -9.040E-05         0.000E+00       -9.040E-05


Computing TR-step from 0.239538 s to 0.245396 s (Stepsize: 5.8579e-03 s)
Extrapolating values for t = 0.245396 ... done.
Computing Coupled( 1 poisson-equation(s) , 1 current-contact-equation(s) , 
                   1 electron-equation(s) , 1 hole-equation(s) ) 
using Bank/Rose nonlinear solver.

Iteration   |Rhs|      factor     |step|     error   #inner  #iterative  time
------------------------------------------------------------------------------
    0      7.40e+05                                                      0.05
    1      2.31e+03   1.00e+00   3.03e-03   2.34e+02    0         1      0.15
    2      2.15e+00   1.00e+00   5.00e-05   4.92e+00    0         1      0.25
    3      1.98e-02   1.00e+00   5.63e-08   5.63e-03    0         1      0.34
Finished, because...
Error smaller than 1 ( 5.6300E-03 ).

Accumulated times:
Assembly time:        0.20 s
Solve time:      0.13 s
Total time:      0.34 s

Computing BDF2-step from 0.239538 s to 0.249538 s (Stepsize: 0.01 s)
Extrapolating values for t = 0.249538 ... done.
Computing Coupled( 1 poisson-equation(s) , 1 current-contact-equation(s) , 
                   1 electron-equation(s) , 1 hole-equation(s) ) 
using Bank/Rose nonlinear solver.

Iteration   |Rhs|      factor     |step|     error   #inner  #iterative  time
------------------------------------------------------------------------------
    0      1.43e+06                                                      0.04
    1      8.72e+03   1.00e+00   5.91e-03   4.48e+02    0         1      0.15
    2      2.24e+01   1.00e+00   1.74e-04   1.71e+01    0         1      0.25
    3      1.67e-02   1.00e+00   6.47e-07   6.46e-02    0         1      0.34
Finished, because...
Error smaller than 1 ( 6.4649E-02 ).

Accumulated times:
Assembly time:        0.21 s
Solve time:      0.13 s
Total time:      0.34 s

contact        voltage     electron current    hole current     total current
 drain        2.495E-01       9.274E-05         0.000E+00        9.274E-05
 gate         1.500E+00      -2.071E-16        -2.152E-32       -1.518E-16
 source       0.000E+00      -9.274E-05         0.000E+00       -9.274E-05


Computing TR-step from 0.249538 s to 0.255396 s (Stepsize: 5.8579e-03 s)
Extrapolating values for t = 0.255396 ... done.
Computing Coupled( 1 poisson-equation(s) , 1 current-contact-equation(s) , 
                   1 electron-equation(s) , 1 hole-equation(s) ) 
using Bank/Rose nonlinear solver.

Iteration   |Rhs|      factor     |step|     error   #inner  #iterative  time
------------------------------------------------------------------------------
    0      2.63e+06                                                      0.05
    1      2.96e+04   1.00e+00   1.09e-02   8.07e+02    0         1      0.15
    2      1.53e+02   1.00e+00   5.30e-04   5.17e+01    0         1      0.25
    3      3.05e-02   1.00e+00   5.43e-06   5.42e-01    0         1      0.34
Finished, because...
Error smaller than 1 ( 5.4226E-01 ).

Accumulated times:
Assembly time:        0.22 s
Solve time:      0.12 s
Total time:      0.34 s

Computing BDF2-step from 0.249538 s to 0.259538 s (Stepsize: 0.01 s)
Extrapolating values for t = 0.259538 ... done.
Computing Coupled( 1 poisson-equation(s) , 1 current-contact-equation(s) , 
                   1 electron-equation(s) , 1 hole-equation(s) ) 
using Bank/Rose nonlinear solver.

Iteration   |Rhs|      factor     |step|     error   #inner  #iterative  time
------------------------------------------------------------------------------
    0      3.62e+06                                                      0.04
    1      5.62e+04   1.00e+00   1.52e-02   1.09e+03    0         1      0.14
    2      3.54e+02   1.00e+00   9.35e-04   9.05e+01    0         1      0.24
    3      1.85e-01   1.00e+00   1.55e-05   1.55e+00    0         1      0.34
    4      1.73e-02   1.00e+00   4.74e-09   4.74e-04    0         1      0.43
Finished, because...
Error smaller than 1 ( 4.7424E-04 ).

Accumulated times:
Assembly time:        0.25 s
Solve time:      0.18 s
Total time:      0.43 s

contact        voltage     electron current    hole current     total current
 drain        2.595E-01       9.508E-05         0.000E+00        9.508E-05
 gate         1.500E+00      -2.076E-16        -2.048E-32       -1.512E-16
 source       0.000E+00      -9.508E-05         0.000E+00       -9.508E-05


Computing TR-step from 0.259538 s to 0.265396 s (Stepsize: 5.8579e-03 s)
Extrapolating values for t = 0.265396 ... done.
Computing Coupled( 1 poisson-equation(s) , 1 current-contact-equation(s) , 
                   1 electron-equation(s) , 1 hole-equation(s) ) 
using Bank/Rose nonlinear solver.

Iteration   |Rhs|      factor     |step|     error   #inner  #iterative  time
------------------------------------------------------------------------------
    0      7.16e+05                                                      0.04
    1      1.78e+03   1.00e+00   2.91e-03   2.12e+02    0         1      0.14
    2      1.53e+00   1.00e+00   4.39e-05   4.24e+00    0         1      0.24
    3      2.23e-02   1.00e+00   4.28e-08   4.27e-03    0         1      0.34
Finished, because...
Error smaller than 1 ( 4.2735E-03 ).

Accumulated times:
Assembly time:        0.21 s
Solve time:      0.13 s
Total time:      0.34 s

Computing BDF2-step from 0.259538 s to 0.269538 s (Stepsize: 0.01 s)
Extrapolating values for t = 0.269538 ... done.
Computing Coupled( 1 poisson-equation(s) , 1 current-contact-equation(s) , 
                   1 electron-equation(s) , 1 hole-equation(s) ) 
using Bank/Rose nonlinear solver.

Iteration   |Rhs|      factor     |step|     error   #inner  #iterative  time
------------------------------------------------------------------------------
    0      1.38e+06                                                      0.04
    1      6.78e+03   1.00e+00   5.69e-03   4.07e+02    0         1      0.14
    2      1.56e+01   1.00e+00   1.55e-04   1.48e+01    0         1      0.24
    3      2.47e-02   1.00e+00   5.24e-07   5.23e-02    0         1      0.34
Finished, because...
Error smaller than 1 ( 5.2303E-02 ).

Accumulated times:
Assembly time:        0.19 s
Solve time:      0.14 s
Total time:      0.34 s

contact        voltage     electron current    hole current     total current
 drain        2.695E-01       9.741E-05         0.000E+00        9.741E-05
 gate         1.500E+00      -1.855E-16        -1.946E-32       -1.506E-16
 source       0.000E+00      -9.741E-05         0.000E+00       -9.741E-05


Computing TR-step from 0.269538 s to 0.275396 s (Stepsize: 5.8579e-03 s)
Extrapolating values for t = 0.275396 ... done.
Computing Coupled( 1 poisson-equation(s) , 1 current-contact-equation(s) , 
                   1 electron-equation(s) , 1 hole-equation(s) ) 
using Bank/Rose nonlinear solver.

Iteration   |Rhs|      factor     |step|     error   #inner  #iterative  time
------------------------------------------------------------------------------
    0      2.54e+06                                                      0.04
    1      2.33e+04   1.00e+00   1.06e-02   7.36e+02    0         1      0.14
    2      1.50e+02   1.00e+00   4.83e-04   4.58e+01    0         1      0.24
    3      2.25e-02   1.00e+00   4.82e-06   4.80e-01    0         1      0.34
Finished, because...
Error smaller than 1 ( 4.8024E-01 ).

Accumulated times:
Assembly time:        0.19 s
Solve time:      0.13 s
Total time:      0.34 s

Computing BDF2-step from 0.269538 s to 0.279538 s (Stepsize: 0.01 s)
Extrapolating values for t = 0.279538 ... done.
Computing Coupled( 1 poisson-equation(s) , 1 current-contact-equation(s) , 
                   1 electron-equation(s) , 1 hole-equation(s) ) 
using Bank/Rose nonlinear solver.

Iteration   |Rhs|      factor     |step|     error   #inner  #iterative  time
------------------------------------------------------------------------------
    0      3.48e+06                                                      0.04
    1      4.47e+04   1.00e+00   1.47e-02   1.00e+03    0         1      0.14
    2      4.56e+02   1.00e+00   8.67e-04   8.15e+01    0         1      0.24
    3      1.92e-01   1.00e+00   1.45e-05   1.45e+00    0         1      0.34
    4      1.69e-02   1.00e+00   5.29e-09   5.29e-04    0         1      0.43
Finished, because...
Error smaller than 1 ( 5.2905E-04 ).

Accumulated times:
Assembly time:        0.27 s
Solve time:      0.16 s
Total time:      0.43 s

contact        voltage     electron current    hole current     total current
 drain        2.795E-01       9.975E-05         0.000E+00        9.975E-05
 gate         1.500E+00      -1.846E-16        -1.855E-32       -1.500E-16
 source       0.000E+00      -9.975E-05         0.000E+00       -9.975E-05


Computing TR-step from 0.279538 s to 0.285396 s (Stepsize: 5.8579e-03 s)
Extrapolating values for t = 0.285396 ... done.
Computing Coupled( 1 poisson-equation(s) , 1 current-contact-equation(s) , 
                   1 electron-equation(s) , 1 hole-equation(s) ) 
using Bank/Rose nonlinear solver.

Iteration   |Rhs|      factor     |step|     error   #inner  #iterative  time
------------------------------------------------------------------------------
    0      6.77e+05                                                      0.05
    1      1.79e+03   1.00e+00   2.83e-03   1.94e+02    0         1      0.14
    2      1.95e+00   1.00e+00   3.97e-05   3.65e+00    0         1      0.24
    3      1.77e-02   1.00e+00   2.90e-08   2.85e-03    0         1      0.34
Finished, because...
Error smaller than 1 ( 2.8547E-03 ).

Accumulated times:
Assembly time:        0.20 s
Solve time:      0.13 s
Total time:      0.34 s

Computing BDF2-step from 0.279538 s to 0.289538 s (Stepsize: 0.01 s)
Extrapolating values for t = 0.289538 ... done.
Computing Coupled( 1 poisson-equation(s) , 1 current-contact-equation(s) , 
                   1 electron-equation(s) , 1 hole-equation(s) ) 
using Bank/Rose nonlinear solver.

Iteration   |Rhs|      factor     |step|     error   #inner  #iterative  time
------------------------------------------------------------------------------
    0      1.31e+06                                                      0.04
    1      6.76e+03   1.00e+00   5.54e-03   3.74e+02    0         1      0.14
    2      1.79e+01   1.00e+00   1.39e-04   1.26e+01    0         1      0.23
    3      1.62e-02   1.00e+00   3.40e-07   3.34e-02    0         1      0.32
Finished, because...
Error smaller than 1 ( 3.3391E-02 ).

Accumulated times:
Assembly time:        0.19 s
Solve time:      0.12 s
Total time:      0.32 s

contact        voltage     electron current    hole current     total current
 drain        2.895E-01       1.021E-04         0.000E+00        1.021E-04
 gate         1.500E+00      -1.690E-16        -1.765E-32       -1.494E-16
 source       0.000E+00      -1.021E-04         0.000E+00       -1.021E-04


Computing TR-step from 0.289538 s to 0.295396 s (Stepsize: 5.8579e-03 s)
Extrapolating values for t = 0.295396 ... done.
Computing Coupled( 1 poisson-equation(s) , 1 current-contact-equation(s) , 
                   1 electron-equation(s) , 1 hole-equation(s) ) 
using Bank/Rose nonlinear solver.

Iteration   |Rhs|      factor     |step|     error   #inner  #iterative  time
------------------------------------------------------------------------------
    0      2.38e+06                                                      0.04
    1      2.29e+04   1.00e+00   1.03e-02   6.81e+02    0         1      0.14
    2      1.12e+02   1.00e+00   4.34e-04   3.87e+01    0         1      0.24
    3      2.04e-02   1.00e+00   3.15e-06   3.08e-01    0         1      0.34
Finished, because...
Error smaller than 1 ( 3.0814E-01 ).

Accumulated times:
Assembly time:        0.21 s
Solve time:      0.12 s
Total time:      0.34 s

Computing BDF2-step from 0.289538 s to 0.299538 s (Stepsize: 0.01 s)
Extrapolating values for t = 0.299538 ... done.
Computing Coupled( 1 poisson-equation(s) , 1 current-contact-equation(s) , 
                   1 electron-equation(s) , 1 hole-equation(s) ) 
using Bank/Rose nonlinear solver.

Iteration   |Rhs|      factor     |step|     error   #inner  #iterative  time
------------------------------------------------------------------------------
    0      3.26e+06                                                      0.04
    1      4.36e+04   1.00e+00   1.43e-02   9.29e+02    0         1      0.14
    2      2.85e+02   1.00e+00   7.85e-04   6.93e+01    0         1      0.24
    3      1.16e-01   1.00e+00   9.85e-06   9.60e-01    0         1      0.34
Finished, because...
Error smaller than 1 ( 9.6037E-01 ).

Accumulated times:
Assembly time:        0.19 s
Solve time:      0.15 s
Total time:      0.34 s

contact        voltage     electron current    hole current     total current
 drain        2.995E-01       1.045E-04         0.000E+00        1.045E-04
 gate         1.500E+00      -1.412E-16        -1.678E-32       -1.489E-16
 source       0.000E+00      -1.045E-04         0.000E+00       -1.045E-04


Computing TR-step from 0.299538 s to 0.305396 s (Stepsize: 5.8579e-03 s)
Extrapolating values for t = 0.305396 ... done.
Computing Coupled( 1 poisson-equation(s) , 1 current-contact-equation(s) , 
                   1 electron-equation(s) , 1 hole-equation(s) ) 
using Bank/Rose nonlinear solver.

Iteration   |Rhs|      factor     |step|     error   #inner  #iterative  time
------------------------------------------------------------------------------
    0      6.19e+05                                                      0.04
    1      1.63e+03   1.00e+00   2.75e-03   1.76e+02    0         1      0.14
    2      1.79e+00   1.00e+00   3.82e-05   3.17e+00    0         1      0.23
    3      1.63e-02   1.00e+00   3.03e-08   2.78e-03    0         1      0.33
Finished, because...
Error smaller than 1 ( 2.7785E-03 ).

Accumulated times:
Assembly time:        0.19 s
Solve time:      0.14 s
Total time:      0.33 s

Computing BDF2-step from 0.299538 s to 0.309538 s (Stepsize: 0.01 s)
Extrapolating values for t = 0.309538 ... done.
Computing Coupled( 1 poisson-equation(s) , 1 current-contact-equation(s) , 
                   1 electron-equation(s) , 1 hole-equation(s) ) 
using Bank/Rose nonlinear solver.

Iteration   |Rhs|      factor     |step|     error   #inner  #iterative  time
------------------------------------------------------------------------------
    0      1.19e+06                                                      0.04
    1      6.11e+03   1.00e+00   5.38e-03   3.39e+02    0         1      0.15
    2      1.83e+01   1.00e+00   1.35e-04   1.10e+01    0         1      0.24
    3      1.68e-02   1.00e+00   3.26e-07   2.91e-02    0         1      0.35
Finished, because...
Error smaller than 1 ( 2.9092E-02 ).

Accumulated times:
Assembly time:        0.21 s
Solve time:      0.14 s
Total time:      0.35 s

contact        voltage     electron current    hole current     total current
 drain        3.095E-01       1.068E-04         0.000E+00        1.068E-04
 gate         1.500E+00      -1.899E-16        -1.612E-32       -1.485E-16
 source       0.000E+00      -1.068E-04         0.000E+00       -1.068E-04


Computing TR-step from 0.309538 s to 0.315396 s (Stepsize: 5.8579e-03 s)
Extrapolating values for t = 0.315396 ... done.
Computing Coupled( 1 poisson-equation(s) , 1 current-contact-equation(s) , 
                   1 electron-equation(s) , 1 hole-equation(s) ) 
using Bank/Rose nonlinear solver.

Iteration   |Rhs|      factor     |step|     error   #inner  #iterative  time
------------------------------------------------------------------------------
    0      2.16e+06                                                      0.04
    1      2.04e+04   1.00e+00   1.01e-02   6.21e+02    0         1      0.14
    2      1.38e+02   1.00e+00   4.20e-04   3.31e+01    0         1      0.24
    3      4.30e-02   1.00e+00   2.67e-06   2.31e-01    0         1      0.34
Finished, because...
Error smaller than 1 ( 2.3053E-01 ).

Accumulated times:
Assembly time:        0.22 s
Solve time:      0.12 s
Total time:      0.34 s

Computing BDF2-step from 0.309538 s to 0.319538 s (Stepsize: 0.01 s)
Extrapolating values for t = 0.319538 ... done.
Computing Coupled( 1 poisson-equation(s) , 1 current-contact-equation(s) , 
                   1 electron-equation(s) , 1 hole-equation(s) ) 
using Bank/Rose nonlinear solver.

Iteration   |Rhs|      factor     |step|     error   #inner  #iterative  time
------------------------------------------------------------------------------
    0      2.96e+06                                                      0.05
    1      3.85e+04   1.00e+00   1.40e-02   8.51e+02    0         1      0.14
    2      4.08e+02   1.00e+00   7.52e-04   5.81e+01    0         1      0.24
    3      3.49e-01   1.00e+00   7.87e-06   6.72e-01    0         1      0.34
Finished, because...
Error smaller than 1 ( 6.7250E-01 ).

Accumulated times:
Assembly time:        0.21 s
Solve time:      0.13 s
Total time:      0.34 s

contact        voltage     electron current    hole current     total current
 drain        3.195E-01       1.092E-04         0.000E+00        1.092E-04
 gate         1.500E+00      -1.289E-16        -1.528E-32       -1.480E-16
 source       0.000E+00      -1.092E-04         0.000E+00       -1.092E-04


Computing TR-step from 0.319538 s to 0.325396 s (Stepsize: 5.8579e-03 s)
Extrapolating values for t = 0.325396 ... done.
Computing Coupled( 1 poisson-equation(s) , 1 current-contact-equation(s) , 
                   1 electron-equation(s) , 1 hole-equation(s) ) 
using Bank/Rose nonlinear solver.

Iteration   |Rhs|      factor     |step|     error   #inner  #iterative  time
------------------------------------------------------------------------------
    0      5.46e+05                                                      0.04
    1      1.35e+03   1.00e+00   2.74e-03   1.66e+02    0         1      0.15
    2      1.74e+00   1.00e+00   3.88e-05   2.88e+00    0         1      0.25
    3      1.81e-02   1.00e+00   3.25e-08   2.59e-03    0         1      0.35
Finished, because...
Error smaller than 1 ( 2.5912E-03 ).

Accumulated times:
Assembly time:        0.23 s
Solve time:      0.12 s
Total time:      0.35 s

Computing BDF2-step from 0.319538 s to 0.329538 s (Stepsize: 0.01 s)
Extrapolating values for t = 0.329538 ... done.
Computing Coupled( 1 poisson-equation(s) , 1 current-contact-equation(s) , 
                   1 electron-equation(s) , 1 hole-equation(s) ) 
using Bank/Rose nonlinear solver.

Iteration   |Rhs|      factor     |step|     error   #inner  #iterative  time
------------------------------------------------------------------------------
    0      1.09e+06                                                      0.05
    1      5.22e+03   1.00e+00   5.37e-03   3.20e+02    0         1      0.15
    2      1.44e+01   1.00e+00   1.38e-04   1.01e+01    0         1      0.25
    3      2.11e-02   1.00e+00   3.69e-07   2.86e-02    0         1      0.35
Finished, because...
Error smaller than 1 ( 2.8626E-02 ).

Accumulated times:
Assembly time:        0.22 s
Solve time:      0.12 s
Total time:      0.35 s

contact        voltage     electron current    hole current     total current
 drain        3.295E-01       1.116E-04         0.000E+00        1.116E-04
 gate         1.500E+00      -1.552E-16        -1.466E-32       -1.476E-16
 source       0.000E+00      -1.116E-04         0.000E+00       -1.116E-04


Computing TR-step from 0.329538 s to 0.335396 s (Stepsize: 5.8579e-03 s)
Extrapolating values for t = 0.335396 ... done.
Computing Coupled( 1 poisson-equation(s) , 1 current-contact-equation(s) , 
                   1 electron-equation(s) , 1 hole-equation(s) ) 
using Bank/Rose nonlinear solver.

Iteration   |Rhs|      factor     |step|     error   #inner  #iterative  time
------------------------------------------------------------------------------
    0      2.10e+06                                                      0.04
    1      1.83e+04   1.00e+00   1.00e-02   5.87e+02    0         1      0.14
    2      8.80e+01   1.00e+00   4.33e-04   3.11e+01    0         1      0.24
    3      1.93e-02   1.00e+00   3.07e-06   2.28e-01    0         1      0.34
Finished, because...
Error smaller than 1 ( 2.2796E-01 ).

Accumulated times:
Assembly time:        0.19 s
Solve time:      0.15 s
Total time:      0.34 s

Computing BDF2-step from 0.329538 s to 0.339538 s (Stepsize: 0.01 s)
Extrapolating values for t = 0.339538 ... done.
Computing Coupled( 1 poisson-equation(s) , 1 current-contact-equation(s) , 
                   1 electron-equation(s) , 1 hole-equation(s) ) 
using Bank/Rose nonlinear solver.

Iteration   |Rhs|      factor     |step|     error   #inner  #iterative  time
------------------------------------------------------------------------------
    0      2.98e+06                                                      0.04
    1      3.56e+04   1.00e+00   1.39e-02   8.05e+02    0         1      0.14
    2      2.62e+02   1.00e+00   7.77e-04   5.49e+01    0         1      0.24
    3      8.55e-02   1.00e+00   8.77e-06   6.34e-01    0         1      0.34
Finished, because...
Error smaller than 1 ( 6.3413E-01 ).

Accumulated times:
Assembly time:        0.21 s
Solve time:      0.13 s
Total time:      0.34 s

contact        voltage     electron current    hole current     total current
 drain        3.395E-01       1.141E-04         0.000E+00        1.141E-04
 gate         1.500E+00      -1.785E-16        -1.407E-32       -1.472E-16
 source       0.000E+00      -1.141E-04         0.000E+00       -1.141E-04


Computing TR-step from 0.339538 s to 0.345396 s (Stepsize: 5.8579e-03 s)
Extrapolating values for t = 0.345396 ... done.
Computing Coupled( 1 poisson-equation(s) , 1 current-contact-equation(s) , 
                   1 electron-equation(s) , 1 hole-equation(s) ) 
using Bank/Rose nonlinear solver.

Iteration   |Rhs|      factor     |step|     error   #inner  #iterative  time
------------------------------------------------------------------------------
    0      5.63e+05                                                      0.05
    1      1.55e+03   1.00e+00   2.70e-03   1.55e+02    0         1      0.15
    2      1.32e+00   1.00e+00   3.79e-05   2.46e+00    0         1      0.25
    3      1.69e-02   1.00e+00   2.36e-08   1.51e-03    0         1      0.35
Finished, because...
Error smaller than 1 ( 1.5117E-03 ).

Accumulated times:
Assembly time:        0.22 s
Solve time:      0.12 s
Total time:      0.35 s

Computing BDF2-step from 0.339538 s to 0.349538 s (Stepsize: 0.01 s)
Extrapolating values for t = 0.349538 ... done.
Computing Coupled( 1 poisson-equation(s) , 1 current-contact-equation(s) , 
                   1 electron-equation(s) , 1 hole-equation(s) ) 
using Bank/Rose nonlinear solver.

Iteration   |Rhs|      factor     |step|     error   #inner  #iterative  time
------------------------------------------------------------------------------
    0      1.13e+06                                                      0.04
    1      5.30e+03   1.00e+00   5.28e-03   3.00e+02    0         1      0.14
    2      1.51e+01   1.00e+00   1.33e-04   8.60e+00    0         1      0.24
    3      1.66e-02   1.00e+00   2.52e-07   1.68e-02    0         1      0.34
Finished, because...
Error smaller than 1 ( 1.6777E-02 ).

Accumulated times:
Assembly time:        0.20 s
Solve time:      0.13 s
Total time:      0.34 s

contact        voltage     electron current    hole current     total current
 drain        3.495E-01       1.165E-04         0.000E+00        1.165E-04
 gate         1.500E+00      -1.911E-16        -1.350E-32       -1.468E-16
 source       0.000E+00      -1.165E-04         0.000E+00       -1.165E-04


Computing TR-step from 0.349538 s to 0.355396 s (Stepsize: 5.8579e-03 s)
Extrapolating values for t = 0.355396 ... done.
Computing Coupled( 1 poisson-equation(s) , 1 current-contact-equation(s) , 
                   1 electron-equation(s) , 1 hole-equation(s) ) 
using Bank/Rose nonlinear solver.

Iteration   |Rhs|      factor     |step|     error   #inner  #iterative  time
------------------------------------------------------------------------------
    0      2.16e+06                                                      0.04
    1      1.74e+04   1.00e+00   9.83e-03   5.50e+02    0         1      0.14
    2      1.22e+02   1.00e+00   4.11e-04   2.64e+01    0         1      0.24
    3      1.58e-02   1.00e+00   2.09e-06   1.43e-01    0         1      0.34
Finished, because...
Error smaller than 1 ( 1.4265E-01 ).

Accumulated times:
Assembly time:        0.22 s
Solve time:      0.12 s
Total time:      0.34 s

Computing BDF2-step from 0.349538 s to 0.359538 s (Stepsize: 0.01 s)
Extrapolating values for t = 0.359538 ... done.
Computing Coupled( 1 poisson-equation(s) , 1 current-contact-equation(s) , 
                   1 electron-equation(s) , 1 hole-equation(s) ) 
using Bank/Rose nonlinear solver.

Iteration   |Rhs|      factor     |step|     error   #inner  #iterative  time
------------------------------------------------------------------------------
    0      3.07e+06                                                      0.05
    1      3.32e+04   1.00e+00   1.37e-02   7.56e+02    0         1      0.14
    2      3.33e+02   1.00e+00   7.37e-04   4.70e+01    0         1      0.24
    3      6.12e-02   1.00e+00   6.23e-06   4.28e-01    0         1      0.34
Finished, because...
Error smaller than 1 ( 4.2811E-01 ).

Accumulated times:
Assembly time:        0.21 s
Solve time:      0.13 s
Total time:      0.34 s

contact        voltage     electron current    hole current     total current
 drain        3.595E-01       1.190E-04         0.000E+00        1.190E-04
 gate         1.500E+00      -1.030E-16        -1.275E-32       -1.465E-16
 source       0.000E+00      -1.190E-04         0.000E+00       -1.190E-04


Computing TR-step from 0.359538 s to 0.365396 s (Stepsize: 5.8579e-03 s)
Extrapolating values for t = 0.365396 ... done.
Computing Coupled( 1 poisson-equation(s) , 1 current-contact-equation(s) , 
                   1 electron-equation(s) , 1 hole-equation(s) ) 
using Bank/Rose nonlinear solver.

Iteration   |Rhs|      factor     |step|     error   #inner  #iterative  time
------------------------------------------------------------------------------
    0      5.79e+05                                                      0.04
    1      1.39e+03   1.00e+00   2.60e-03   1.40e+02    0         1      0.14
    2      2.00e+00   1.00e+00   3.62e-05   2.12e+00    0         1      0.24
    3      1.92e-02   1.00e+00   2.61e-08   1.49e-03    0         1      0.34
Finished, because...
Error smaller than 1 ( 1.4944E-03 ).

Accumulated times:
Assembly time:        0.19 s
Solve time:      0.15 s
Total time:      0.34 s

Computing BDF2-step from 0.359538 s to 0.369538 s (Stepsize: 0.01 s)
Extrapolating values for t = 0.369538 ... done.
Computing Coupled( 1 poisson-equation(s) , 1 current-contact-equation(s) , 
                   1 electron-equation(s) , 1 hole-equation(s) ) 
using Bank/Rose nonlinear solver.

Iteration   |Rhs|      factor     |step|     error   #inner  #iterative  time
------------------------------------------------------------------------------
    0      1.16e+06                                                      0.05
    1      4.66e+03   1.00e+00   5.08e-03   2.72e+02    0         1      0.15
    2      2.29e+01   1.00e+00   1.29e-04   7.54e+00    0         1      0.25
    3      1.57e-02   1.00e+00   2.90e-07   1.70e-02    0         1      0.34
Finished, because...
Error smaller than 1 ( 1.6993E-02 ).

Accumulated times:
Assembly time:        0.20 s
Solve time:      0.13 s
Total time:      0.34 s

contact        voltage     electron current    hole current     total current
 drain        3.695E-01       1.215E-04         0.000E+00        1.215E-04
 gate         1.500E+00      -1.572E-16        -1.234E-32       -1.461E-16
 source       0.000E+00      -1.215E-04         0.000E+00       -1.215E-04


Computing TR-step from 0.369538 s to 0.375396 s (Stepsize: 5.8579e-03 s)
Extrapolating values for t = 0.375396 ... done.
Computing Coupled( 1 poisson-equation(s) , 1 current-contact-equation(s) , 
                   1 electron-equation(s) , 1 hole-equation(s) ) 
using Bank/Rose nonlinear solver.

Iteration   |Rhs|      factor     |step|     error   #inner  #iterative  time
------------------------------------------------------------------------------
    0      2.22e+06                                                      0.05
    1      1.32e+04   1.00e+00   9.45e-03   5.02e+02    0         1      0.15
    2      1.84e+02   1.00e+00   4.06e-04   2.36e+01    0         1      0.25
    3      2.45e-02   1.00e+00   2.36e-06   1.41e-01    0         1      0.34
Finished, because...
Error smaller than 1 ( 1.4064E-01 ).

Accumulated times:
Assembly time:        0.22 s
Solve time:      0.12 s
Total time:      0.34 s

Computing BDF2-step from 0.369538 s to 0.379538 s (Stepsize: 0.01 s)
Extrapolating values for t = 0.379538 ... done.
Computing Coupled( 1 poisson-equation(s) , 1 current-contact-equation(s) , 
                   1 electron-equation(s) , 1 hole-equation(s) ) 
using Bank/Rose nonlinear solver.

Iteration   |Rhs|      factor     |step|     error   #inner  #iterative  time
------------------------------------------------------------------------------
    0      3.16e+06                                                      0.04
    1      2.53e+04   1.00e+00   1.31e-02   6.92e+02    0         1      0.14
    2      5.00e+02   1.00e+00   7.32e-04   4.21e+01    0         1      0.24
    3      1.71e-01   1.00e+00   6.77e-06   3.99e-01    0         1      0.34
Finished, because...
Error smaller than 1 ( 3.9912E-01 ).

Accumulated times:
Assembly time:        0.19 s
Solve time:      0.13 s
Total time:      0.34 s

contact        voltage     electron current    hole current     total current
 drain        3.795E-01       1.240E-04         0.000E+00        1.240E-04
 gate         1.500E+00      -1.439E-16        -1.180E-32       -1.458E-16
 source       0.000E+00      -1.240E-04         0.000E+00       -1.240E-04


Computing TR-step from 0.379538 s to 0.385396 s (Stepsize: 5.8579e-03 s)
Extrapolating values for t = 0.385396 ... done.
Computing Coupled( 1 poisson-equation(s) , 1 current-contact-equation(s) , 
                   1 electron-equation(s) , 1 hole-equation(s) ) 
using Bank/Rose nonlinear solver.

Iteration   |Rhs|      factor     |step|     error   #inner  #iterative  time
------------------------------------------------------------------------------
    0      5.95e+05                                                      0.05
    1      1.12e+03   1.00e+00   2.53e-03   1.34e+02    0         1      0.14
    2      9.98e-01   1.00e+00   3.67e-05   1.85e+00    0         1      0.24
    3      2.19e-02   1.00e+00   2.07e-08   1.00e-03    0         1      0.34
Finished, because...
Error smaller than 1 ( 1.0013E-03 ).

Accumulated times:
Assembly time:        0.20 s
Solve time:      0.13 s
Total time:      0.34 s

Computing BDF2-step from 0.379538 s to 0.389538 s (Stepsize: 0.01 s)
Extrapolating values for t = 0.389538 ... done.
Computing Coupled( 1 poisson-equation(s) , 1 current-contact-equation(s) , 
                   1 electron-equation(s) , 1 hole-equation(s) ) 
using Bank/Rose nonlinear solver.

Iteration   |Rhs|      factor     |step|     error   #inner  #iterative  time
------------------------------------------------------------------------------
    0      1.19e+06                                                      0.05
    1      4.01e+03   1.00e+00   4.95e-03   2.61e+02    0         1      0.15
    2      8.54e+00   1.00e+00   1.31e-04   6.54e+00    0         1      0.27
    3      1.65e-02   1.00e+00   2.31e-07   1.13e-02    0         1      0.37
Finished, because...
Error smaller than 1 ( 1.1260E-02 ).

Accumulated times:
Assembly time:        0.24 s
Solve time:      0.13 s
Total time:      0.37 s

contact        voltage     electron current    hole current     total current
 drain        3.895E-01       1.266E-04         0.000E+00        1.266E-04
 gate         1.500E+00      -1.574E-16        -1.136E-32       -1.455E-16
 source       0.000E+00      -1.266E-04         0.000E+00       -1.266E-04


Computing TR-step from 0.389538 s to 0.395396 s (Stepsize: 5.8579e-03 s)
Extrapolating values for t = 0.395396 ... done.
Computing Coupled( 1 poisson-equation(s) , 1 current-contact-equation(s) , 
                   1 electron-equation(s) , 1 hole-equation(s) ) 
using Bank/Rose nonlinear solver.

Iteration   |Rhs|      factor     |step|     error   #inner  #iterative  time
------------------------------------------------------------------------------
    0      2.28e+06                                                      0.05
    1      1.39e+04   1.00e+00   9.22e-03   4.81e+02    0         1      0.15
    2      4.68e+01   1.00e+00   4.10e-04   2.04e+01    0         1      0.25
    3      1.73e-02   1.00e+00   2.01e-06   9.62e-02    0         1      0.35
Finished, because...
Error smaller than 1 ( 9.6230E-02 ).

Accumulated times:
Assembly time:        0.21 s
Solve time:      0.13 s
Total time:      0.35 s

Computing BDF2-step from 0.389538 s to 0.399538 s (Stepsize: 0.01 s)
Extrapolating values for t = 0.399538 ... done.
Computing Coupled( 1 poisson-equation(s) , 1 current-contact-equation(s) , 
                   1 electron-equation(s) , 1 hole-equation(s) ) 
using Bank/Rose nonlinear solver.

Iteration   |Rhs|      factor     |step|     error   #inner  #iterative  time
------------------------------------------------------------------------------
    0      3.24e+06                                                      0.05
    1      2.68e+04   1.00e+00   1.28e-02   6.63e+02    0         1      0.15
    2      1.24e+02   1.00e+00   7.38e-04   3.68e+01    0         1      0.25
    3      1.84e-02   1.00e+00   6.28e-06   2.87e-01    0         1      0.35
Finished, because...
Error smaller than 1 ( 2.8718E-01 ).

Accumulated times:
Assembly time:        0.20 s
Solve time:      0.13 s
Total time:      0.35 s

contact        voltage     electron current    hole current     total current
 drain        3.995E-01       1.291E-04         0.000E+00        1.291E-04
 gate         1.500E+00      -1.462E-16        -1.090E-32       -1.452E-16
 source       0.000E+00      -1.291E-04         0.000E+00       -1.291E-04


Computing TR-step from 0.399538 s to 0.405396 s (Stepsize: 5.8579e-03 s)
Extrapolating values for t = 0.405396 ... done.
Computing Coupled( 1 poisson-equation(s) , 1 current-contact-equation(s) , 
                   1 electron-equation(s) , 1 hole-equation(s) ) 
using Bank/Rose nonlinear solver.

Iteration   |Rhs|      factor     |step|     error   #inner  #iterative  time
------------------------------------------------------------------------------
    0      6.09e+05                                                      0.05
    1      1.10e+03   1.00e+00   2.50e-03   1.23e+02    0         1      0.15
    2      4.82e-01   1.00e+00   3.85e-05   1.62e+00    0         1      0.24
    3      2.12e-02   1.00e+00   3.40e-08   9.79e-04    0         1      0.34
Finished, because...
Error smaller than 1 ( 9.7903E-04 ).

Accumulated times:
Assembly time:        0.21 s
Solve time:      0.13 s
Total time:      0.34 s

Computing BDF2-step from 0.399538 s to 0.409538 s (Stepsize: 0.01 s)
Extrapolating values for t = 0.409538 ... done.
Computing Coupled( 1 poisson-equation(s) , 1 current-contact-equation(s) , 
                   1 electron-equation(s) , 1 hole-equation(s) ) 
using Bank/Rose nonlinear solver.

Iteration   |Rhs|      factor     |step|     error   #inner  #iterative  time
------------------------------------------------------------------------------
    0      1.22e+06                                                      0.04
    1      4.11e+03   1.00e+00   4.89e-03   2.39e+02    0         1      0.14
    2      6.00e+00   1.00e+00   1.41e-04   5.79e+00    0         1      0.24
    3      2.01e-02   1.00e+00   4.05e-07   1.10e-02    0         1      0.34
Finished, because...
Error smaller than 1 ( 1.0993E-02 ).

Accumulated times:
Assembly time:        0.19 s
Solve time:      0.15 s
Total time:      0.34 s

contact        voltage     electron current    hole current     total current
 drain        4.095E-01       1.317E-04         0.000E+00        1.317E-04
 gate         1.500E+00      -1.432E-16        -1.047E-32       -1.450E-16
 source       0.000E+00      -1.317E-04         0.000E+00       -1.317E-04


Computing TR-step from 0.409538 s to 0.415396 s (Stepsize: 5.8579e-03 s)
Extrapolating values for t = 0.415396 ... done.
Computing Coupled( 1 poisson-equation(s) , 1 current-contact-equation(s) , 
                   1 electron-equation(s) , 1 hole-equation(s) ) 
using Bank/Rose nonlinear solver.

Iteration   |Rhs|      factor     |step|     error   #inner  #iterative  time
------------------------------------------------------------------------------
    0      2.33e+06                                                      0.05
    1      1.41e+04   1.00e+00   9.11e-03   4.42e+02    0         1      0.16
    2      5.74e+01   1.00e+00   4.53e-04   1.80e+01    0         1      0.26
    3      3.41e-02   1.00e+00   3.40e-06   8.91e-02    0         1      0.36
Finished, because...
Error smaller than 1 ( 8.9089E-02 ).

Accumulated times:
Assembly time:        0.21 s
Solve time:      0.13 s
Total time:      0.36 s

Computing BDF2-step from 0.409538 s to 0.419538 s (Stepsize: 0.01 s)
Extrapolating values for t = 0.419538 ... done.
Computing Coupled( 1 poisson-equation(s) , 1 current-contact-equation(s) , 
                   1 electron-equation(s) , 1 hole-equation(s) ) 
using Bank/Rose nonlinear solver.

Iteration   |Rhs|      factor     |step|     error   #inner  #iterative  time
------------------------------------------------------------------------------
    0      3.31e+06                                                      0.05
    1      2.71e+04   1.00e+00   1.27e-02   6.09e+02    0         1      0.15
    2      1.79e+02   1.00e+00   8.18e-04   3.22e+01    0         1      0.25
    3      4.55e-02   1.00e+00   9.54e-06   2.50e-01    0         1      0.35
Finished, because...
Error smaller than 1 ( 2.5030E-01 ).

Accumulated times:
Assembly time:        0.20 s
Solve time:      0.15 s
Total time:      0.35 s

contact        voltage     electron current    hole current     total current
 drain        4.195E-01       1.344E-04         0.000E+00        1.344E-04
 gate         1.500E+00      -1.418E-16        -1.007E-32       -1.447E-16
 source       0.000E+00      -1.344E-04         0.000E+00       -1.344E-04


Computing TR-step from 0.419538 s to 0.425396 s (Stepsize: 5.8579e-03 s)
Extrapolating values for t = 0.425396 ... done.
Computing Coupled( 1 poisson-equation(s) , 1 current-contact-equation(s) , 
                   1 electron-equation(s) , 1 hole-equation(s) ) 
using Bank/Rose nonlinear solver.

Iteration   |Rhs|      factor     |step|     error   #inner  #iterative  time
------------------------------------------------------------------------------
    0      6.23e+05                                                      0.05
    1      1.43e+03   1.00e+00   2.54e-03   1.14e+02    0         1      0.14
    2      8.99e-01   1.00e+00   4.27e-05   1.39e+00    0         1      0.24
    3      4.02e-02   1.00e+00   3.39e-08   6.67e-04    0         1      0.34
Finished, because...
Error smaller than 1 ( 6.6692E-04 ).

Accumulated times:
Assembly time:        0.20 s
Solve time:      0.14 s
Total time:      0.34 s

Computing BDF2-step from 0.419538 s to 0.429538 s (Stepsize: 0.01 s)
Extrapolating values for t = 0.429538 ... done.
Computing Coupled( 1 poisson-equation(s) , 1 current-contact-equation(s) , 
                   1 electron-equation(s) , 1 hole-equation(s) ) 
using Bank/Rose nonlinear solver.

Iteration   |Rhs|      factor     |step|     error   #inner  #iterative  time
------------------------------------------------------------------------------
    0      1.24e+06                                                      0.05
    1      5.02e+03   1.00e+00   4.96e-03   2.22e+02    0         1      0.15
    2      1.13e+01   1.00e+00   1.54e-04   4.94e+00    0         1      0.25
    3      2.63e-02   1.00e+00   3.97e-07   7.91e-03    0         1      0.34
Finished, because...
Error smaller than 1 ( 7.9101E-03 ).

Accumulated times:
Assembly time:        0.22 s
Solve time:      0.12 s
Total time:      0.34 s

contact        voltage     electron current    hole current     total current
 drain        4.295E-01       1.370E-04         0.000E+00        1.370E-04
 gate         1.500E+00      -1.649E-16        -9.749E-33       -1.445E-16
 source       0.000E+00      -1.370E-04         0.000E+00       -1.370E-04


Computing TR-step from 0.429538 s to 0.435396 s (Stepsize: 5.8579e-03 s)
Extrapolating values for t = 0.435396 ... done.
Computing Coupled( 1 poisson-equation(s) , 1 current-contact-equation(s) , 
                   1 electron-equation(s) , 1 hole-equation(s) ) 
using Bank/Rose nonlinear solver.

Iteration   |Rhs|      factor     |step|     error   #inner  #iterative  time
------------------------------------------------------------------------------
    0      2.38e+06                                                      0.05
    1      1.53e+04   1.00e+00   9.20e-03   4.08e+02    0         1      0.19
    2      1.06e+02   1.00e+00   4.89e-04   1.57e+01    0         1      0.35
    3      3.77e-02   1.00e+00   3.41e-06   7.16e-02    0         1      0.46
Finished, because...
Error smaller than 1 ( 7.1628E-02 ).

Accumulated times:
Assembly time:        0.30 s
Solve time:      0.16 s
Total time:      0.46 s

Computing BDF2-step from 0.429538 s to 0.439538 s (Stepsize: 0.01 s)
Extrapolating values for t = 0.439538 ... done.
Computing Coupled( 1 poisson-equation(s) , 1 current-contact-equation(s) , 
                   1 electron-equation(s) , 1 hole-equation(s) ) 
using Bank/Rose nonlinear solver.

Iteration   |Rhs|      factor     |step|     error   #inner  #iterative  time
------------------------------------------------------------------------------
    0      3.38e+06                                                      0.05
    1      2.67e+04   1.00e+00   1.27e-02   5.62e+02    0         1      0.15
    2      3.25e+02   1.00e+00   8.84e-04   2.85e+01    0         1      0.25
    3      3.57e-02   1.00e+00   9.98e-06   2.20e-01    0         1      0.35
Finished, because...
Error smaller than 1 ( 2.2010E-01 ).

Accumulated times:
Assembly time:        0.23 s
Solve time:      0.12 s
Total time:      0.35 s

contact        voltage     electron current    hole current     total current
 drain        4.395E-01       1.397E-04         0.000E+00        1.397E-04
 gate         1.500E+00      -1.265E-16        -9.310E-33       -1.443E-16
 source       0.000E+00      -1.397E-04         0.000E+00       -1.397E-04


Computing TR-step from 0.439538 s to 0.445396 s (Stepsize: 5.8579e-03 s)
Extrapolating values for t = 0.445396 ... done.
Computing Coupled( 1 poisson-equation(s) , 1 current-contact-equation(s) , 
                   1 electron-equation(s) , 1 hole-equation(s) ) 
using Bank/Rose nonlinear solver.

Iteration   |Rhs|      factor     |step|     error   #inner  #iterative  time
------------------------------------------------------------------------------
    0      6.36e+05                                                      0.04
    1      1.62e+03   1.00e+00   2.48e-03   1.02e+02    0         1      0.14
    2      1.01e+00   1.00e+00   4.43e-05   1.31e+00    0         1      0.24
    3      3.98e-02   1.00e+00   4.11e-08   7.55e-04    0         1      0.33
Finished, because...
Error smaller than 1 ( 7.5505E-04 ).

Accumulated times:
Assembly time:        0.19 s
Solve time:      0.12 s
Total time:      0.33 s

Computing BDF2-step from 0.439538 s to 0.449538 s (Stepsize: 0.01 s)
Extrapolating values for t = 0.449538 ... done.
Computing Coupled( 1 poisson-equation(s) , 1 current-contact-equation(s) , 
                   1 electron-equation(s) , 1 hole-equation(s) ) 
using Bank/Rose nonlinear solver.

Iteration   |Rhs|      factor     |step|     error   #inner  #iterative  time
------------------------------------------------------------------------------
    0      1.27e+06                                                      0.05
    1      5.30e+03   1.00e+00   4.85e-03   2.00e+02    0         1      0.15
    2      1.06e+01   1.00e+00   1.63e-04   4.70e+00    0         1      0.25
    3      4.66e-02   1.00e+00   5.15e-07   8.68e-03    0         1      0.35
Finished, because...
Error smaller than 1 ( 8.6781E-03 ).

Accumulated times:
Assembly time:        0.21 s
Solve time:      0.13 s
Total time:      0.35 s

contact        voltage     electron current    hole current     total current
 drain        4.495E-01       1.424E-04         0.000E+00        1.424E-04
 gate         1.500E+00      -1.948E-16        -9.124E-33       -1.441E-16
 source       0.000E+00      -1.424E-04         0.000E+00       -1.424E-04


Computing TR-step from 0.449538 s to 0.455396 s (Stepsize: 5.8579e-03 s)
Extrapolating values for t = 0.455396 ... done.
Computing Coupled( 1 poisson-equation(s) , 1 current-contact-equation(s) , 
                   1 electron-equation(s) , 1 hole-equation(s) ) 
using Bank/Rose nonlinear solver.

Iteration   |Rhs|      factor     |step|     error   #inner  #iterative  time
------------------------------------------------------------------------------
    0      2.43e+06                                                      0.05
    1      1.46e+04   1.00e+00   9.02e-03   3.69e+02    0         1      0.14
    2      7.76e+01   1.00e+00   5.31e-04   1.48e+01    0         1      0.24
    3      3.29e-02   1.00e+00   4.78e-06   7.26e-02    0         1      0.34
Finished, because...
Error smaller than 1 ( 7.2584E-02 ).

Accumulated times:
Assembly time:        0.20 s
Solve time:      0.13 s
Total time:      0.34 s

Computing BDF2-step from 0.449538 s to 0.459538 s (Stepsize: 0.01 s)
Extrapolating values for t = 0.459538 ... done.
Computing Coupled( 1 poisson-equation(s) , 1 current-contact-equation(s) , 
                   1 electron-equation(s) , 1 hole-equation(s) ) 
using Bank/Rose nonlinear solver.

Iteration   |Rhs|      factor     |step|     error   #inner  #iterative  time
------------------------------------------------------------------------------
    0      3.45e+06                                                      0.05
    1      2.39e+04   1.00e+00   1.25e-02   5.10e+02    0         1      0.15
    2      1.99e+02   1.00e+00   9.77e-04   2.66e+01    0         1      0.25
    3      3.47e-02   1.00e+00   1.45e-05   2.08e-01    0         1      0.36
Finished, because...
Error smaller than 1 ( 2.0784E-01 ).

Accumulated times:
Assembly time:        0.23 s
Solve time:      0.13 s
Total time:      0.36 s

contact        voltage     electron current    hole current     total current
 drain        4.595E-01       1.451E-04         0.000E+00        1.451E-04
 gate         1.500E+00      -1.801E-16        -8.774E-33       -1.439E-16
 source       0.000E+00      -1.451E-04         0.000E+00       -1.451E-04


Computing TR-step from 0.459538 s to 0.465396 s (Stepsize: 5.8579e-03 s)
Extrapolating values for t = 0.465396 ... done.
Computing Coupled( 1 poisson-equation(s) , 1 current-contact-equation(s) , 
                   1 electron-equation(s) , 1 hole-equation(s) ) 
using Bank/Rose nonlinear solver.

Iteration   |Rhs|      factor     |step|     error   #inner  #iterative  time
------------------------------------------------------------------------------
    0      6.48e+05                                                      0.05
    1      8.50e+02   1.00e+00   2.65e-03   9.72e+01    0         1      0.16
    2      2.38e-01   1.00e+00   5.52e-05   1.14e+00    0         1      0.27
    3      3.69e-02   1.00e+00   6.61e-08   5.03e-04    0         1      0.38
Finished, because...
Error smaller than 1 ( 5.0282E-04 ).

Accumulated times:
Assembly time:        0.23 s
Solve time:      0.15 s
Total time:      0.38 s

Computing BDF2-step from 0.459538 s to 0.469538 s (Stepsize: 0.01 s)
Extrapolating values for t = 0.469538 ... done.
Computing Coupled( 1 poisson-equation(s) , 1 current-contact-equation(s) , 
                   1 electron-equation(s) , 1 hole-equation(s) ) 
using Bank/Rose nonlinear solver.

Iteration   |Rhs|      factor     |step|     error   #inner  #iterative  time
------------------------------------------------------------------------------
    0      1.29e+06                                                      0.05
    1      3.09e+03   1.00e+00   5.18e-03   1.89e+02    0         1      0.16
    2      2.98e+00   1.00e+00   1.94e-04   4.04e+00    0         1      0.26
    3      3.57e-02   1.00e+00   7.41e-07   5.85e-03    0         1      0.37
Finished, because...
Error smaller than 1 ( 5.8531E-03 ).

Accumulated times:
Assembly time:        0.23 s
Solve time:      0.14 s
Total time:      0.37 s

contact        voltage     electron current    hole current     total current
 drain        4.695E-01       1.479E-04         0.000E+00        1.479E-04
 gate         1.500E+00      -5.968E-17        -8.211E-33       -1.437E-16
 source       0.000E+00      -1.479E-04         0.000E+00       -1.479E-04


Computing TR-step from 0.469538 s to 0.475396 s (Stepsize: 5.8579e-03 s)
Extrapolating values for t = 0.475396 ... done.
Computing Coupled( 1 poisson-equation(s) , 1 current-contact-equation(s) , 
                   1 electron-equation(s) , 1 hole-equation(s) ) 
using Bank/Rose nonlinear solver.

Iteration   |Rhs|      factor     |step|     error   #inner  #iterative  time
------------------------------------------------------------------------------
    0      2.48e+06                                                      0.05
    1      1.00e+04   1.00e+00   9.63e-03   3.48e+02    0         1      0.16
    2      2.95e+01   1.00e+00   5.94e-04   1.28e+01    0         1      0.26
    3      3.59e-02   1.00e+00   6.09e-06   5.27e-02    0         1      0.37
Finished, because...
Error smaller than 1 ( 5.2681E-02 ).

Accumulated times:
Assembly time:        0.23 s
Solve time:      0.14 s
Total time:      0.37 s

Computing BDF2-step from 0.469538 s to 0.479538 s (Stepsize: 0.01 s)
Extrapolating values for t = 0.479538 ... done.
Computing Coupled( 1 poisson-equation(s) , 1 current-contact-equation(s) , 
                   1 electron-equation(s) , 1 hole-equation(s) ) 
using Bank/Rose nonlinear solver.

Iteration   |Rhs|      factor     |step|     error   #inner  #iterative  time
------------------------------------------------------------------------------
    0      3.51e+06                                                      0.05
    1      1.88e+04   1.00e+00   1.33e-02   4.80e+02    0         1      0.16
    2      9.28e+01   1.00e+00   1.05e-03   2.33e+01    0         1      0.26
    3      3.76e-02   1.00e+00   1.73e-05   1.63e-01    0         1      0.36
Finished, because...
Error smaller than 1 ( 1.6336E-01 ).

Accumulated times:
Assembly time:        0.21 s
Solve time:      0.13 s
Total time:      0.36 s

contact        voltage     electron current    hole current     total current
 drain        4.795E-01       1.507E-04         0.000E+00        1.507E-04
 gate         1.500E+00      -1.309E-16        -8.081E-33       -1.436E-16
 source       0.000E+00      -1.507E-04         0.000E+00       -1.507E-04


Computing TR-step from 0.479538 s to 0.485396 s (Stepsize: 5.8579e-03 s)
Extrapolating values for t = 0.485396 ... done.
Computing Coupled( 1 poisson-equation(s) , 1 current-contact-equation(s) , 
                   1 electron-equation(s) , 1 hole-equation(s) ) 
using Bank/Rose nonlinear solver.

Iteration   |Rhs|      factor     |step|     error   #inner  #iterative  time
------------------------------------------------------------------------------
    0      6.59e+05                                                      0.05
    1      7.82e+02   1.00e+00   2.68e-03   8.70e+01    0         1      0.14
    2      3.03e-01   1.00e+00   5.81e-05   1.06e+00    0         1      0.24
    3      3.41e-02   1.00e+00   7.88e-08   5.69e-04    0         1      0.34
Finished, because...
Error smaller than 1 ( 5.6947E-04 ).

Accumulated times:
Assembly time:        0.20 s
Solve time:      0.13 s
Total time:      0.34 s

Computing BDF2-step from 0.479538 s to 0.489538 s (Stepsize: 0.01 s)
Extrapolating values for t = 0.489538 ... done.
Computing Coupled( 1 poisson-equation(s) , 1 current-contact-equation(s) , 
                   1 electron-equation(s) , 1 hole-equation(s) ) 
using Bank/Rose nonlinear solver.

Iteration   |Rhs|      factor     |step|     error   #inner  #iterative  time
------------------------------------------------------------------------------
    0      1.32e+06                                                      0.04
    1      2.83e+03   1.00e+00   5.20e-03   1.70e+02    0         1      0.15
    2      4.06e+00   1.00e+00   2.04e-04   3.86e+00    0         1      0.25
    3      3.46e-02   1.00e+00   8.88e-07   6.82e-03    0         1      0.35
Finished, because...
Error smaller than 1 ( 6.8177E-03 ).

Accumulated times:
Assembly time:        0.21 s
Solve time:      0.13 s
Total time:      0.35 s

contact        voltage     electron current    hole current     total current
 drain        4.895E-01       1.535E-04         0.000E+00        1.535E-04
 gate         1.500E+00      -1.444E-16        -7.842E-33       -1.434E-16
 source       0.000E+00      -1.535E-04         0.000E+00       -1.535E-04


Computing TR-step from 0.489538 s to 0.495396 s (Stepsize: 5.8579e-03 s)
Extrapolating values for t = 0.495396 ... done.
Computing Coupled( 1 poisson-equation(s) , 1 current-contact-equation(s) , 
                   1 electron-equation(s) , 1 hole-equation(s) ) 
using Bank/Rose nonlinear solver.

Iteration   |Rhs|      factor     |step|     error   #inner  #iterative  time
------------------------------------------------------------------------------
    0      2.52e+06                                                      0.04
    1      9.32e+03   1.00e+00   9.59e-03   3.14e+02    0         1      0.14
    2      4.10e+01   1.00e+00   6.24e-04   1.24e+01    0         1      0.24
    3      3.91e-02   1.00e+00   7.31e-06   6.09e-02    0         1      0.34
Finished, because...
Error smaller than 1 ( 6.0866E-02 ).

Accumulated times:
Assembly time:        0.21 s
Solve time:      0.13 s
Total time:      0.34 s

Computing BDF2-step from 0.489538 s to 0.499538 s (Stepsize: 0.01 s)
Extrapolating values for t = 0.499538 ... done.
Computing Coupled( 1 poisson-equation(s) , 1 current-contact-equation(s) , 
                   1 electron-equation(s) , 1 hole-equation(s) ) 
using Bank/Rose nonlinear solver.

Iteration   |Rhs|      factor     |step|     error   #inner  #iterative  time
------------------------------------------------------------------------------
    0      3.57e+06                                                      0.05
    1      1.73e+04   1.00e+00   1.32e-02   4.34e+02    0         1      0.15
    2      1.30e+02   1.00e+00   1.10e-03   2.24e+01    0         1      0.24
    3      4.33e-02   1.00e+00   2.10e-05   1.82e-01    0         1      0.34
Finished, because...
Error smaller than 1 ( 1.8210E-01 ).

Accumulated times:
Assembly time:        0.19 s
Solve time:      0.14 s
Total time:      0.34 s

contact        voltage     electron current    hole current     total current
 drain        4.995E-01       1.563E-04         0.000E+00        1.563E-04
 gate         1.500E+00      -1.119E-16        -7.518E-33       -1.432E-16
 source       0.000E+00      -1.563E-04         0.000E+00       -1.563E-04


Computing TR-step from 0.499538 s to 0.505396 s (Stepsize: 5.8579e-03 s)
Extrapolating values for t = 0.505396 ... done.
Computing Coupled( 1 poisson-equation(s) , 1 current-contact-equation(s) , 
                   1 electron-equation(s) , 1 hole-equation(s) ) 
using Bank/Rose nonlinear solver.

Iteration   |Rhs|      factor     |step|     error   #inner  #iterative  time
------------------------------------------------------------------------------
    0      6.70e+05                                                      0.05
    1      1.04e+03   1.00e+00   2.72e-03   8.49e+01    0         1      0.15
    2      3.52e-01   1.00e+00   6.70e-05   1.01e+00    0         1      0.25
    3      4.82e-02   1.00e+00   1.09e-07   4.59e-04    0         1      0.35
Finished, because...
Error smaller than 1 ( 4.5868E-04 ).

Accumulated times:
Assembly time:        0.22 s
Solve time:      0.13 s
Total time:      0.36 s

Computing BDF2-step from 0.499538 s to 0.509538 s (Stepsize: 0.01 s)
Extrapolating values for t = 0.509538 ... done.
Computing Coupled( 1 poisson-equation(s) , 1 current-contact-equation(s) , 
                   1 electron-equation(s) , 1 hole-equation(s) ) 
using Bank/Rose nonlinear solver.

Iteration   |Rhs|      factor     |step|     error   #inner  #iterative  time
------------------------------------------------------------------------------
    0      1.34e+06                                                      0.04
    1      3.60e+03   1.00e+00   5.29e-03   1.65e+02    0         1      0.14
    2      3.58e+00   1.00e+00   2.35e-04   3.57e+00    0         1      0.24
    3      3.19e-02   1.00e+00   1.18e-06   5.39e-03    0         1      0.34
Finished, because...
Error smaller than 1 ( 5.3896E-03 ).

Accumulated times:
Assembly time:        0.21 s
Solve time:      0.13 s
Total time:      0.34 s

contact        voltage     electron current    hole current     total current
 drain        5.095E-01       1.592E-04         0.000E+00        1.592E-04
 gate         1.500E+00      -1.244E-16        -7.306E-33       -1.431E-16
 source       0.000E+00      -1.592E-04         0.000E+00       -1.592E-04


Computing TR-step from 0.509538 s to 0.515396 s (Stepsize: 5.8579e-03 s)
Extrapolating values for t = 0.515396 ... done.
Computing Coupled( 1 poisson-equation(s) , 1 current-contact-equation(s) , 
                   1 electron-equation(s) , 1 hole-equation(s) ) 
using Bank/Rose nonlinear solver.

Iteration   |Rhs|      factor     |step|     error   #inner  #iterative  time
------------------------------------------------------------------------------
    0      2.56e+06                                                      0.04
    1      1.10e+04   1.00e+00   9.77e-03   3.05e+02    0         1      0.14
    2      3.50e+01   1.00e+00   7.03e-04   1.12e+01    0         1      0.24
    3      3.02e-02   1.00e+00   8.78e-06   4.83e-02    0         1      0.35
Finished, because...
Error smaller than 1 ( 4.8277E-02 ).

Accumulated times:
Assembly time:        0.20 s
Solve time:      0.15 s
Total time:      0.35 s

Computing BDF2-step from 0.509538 s to 0.519538 s (Stepsize: 0.01 s)
Extrapolating values for t = 0.519538 ... done.
Computing Coupled( 1 poisson-equation(s) , 1 current-contact-equation(s) , 
                   1 electron-equation(s) , 1 hole-equation(s) ) 
using Bank/Rose nonlinear solver.

Iteration   |Rhs|      factor     |step|     error   #inner  #iterative  time
------------------------------------------------------------------------------
    0      3.63e+06                                                      0.05
    1      2.02e+04   1.00e+00   1.35e-02   4.21e+02    0         1      0.14
    2      1.17e+02   1.00e+00   1.21e-03   2.02e+01    0         1      0.24
    3      3.26e-02   1.00e+00   2.33e-05   1.48e-01    0         1      0.35
Finished, because...
Error smaller than 1 ( 1.4769E-01 ).

Accumulated times:
Assembly time:        0.21 s
Solve time:      0.14 s
Total time:      0.35 s

contact        voltage     electron current    hole current     total current
 drain        5.195E-01       1.621E-04         0.000E+00        1.621E-04
 gate         1.500E+00      -1.201E-16        -7.066E-33       -1.429E-16
 source       0.000E+00      -1.621E-04         0.000E+00       -1.621E-04


Computing TR-step from 0.519538 s to 0.525396 s (Stepsize: 5.8579e-03 s)
Extrapolating values for t = 0.525396 ... done.
Computing Coupled( 1 poisson-equation(s) , 1 current-contact-equation(s) , 
                   1 electron-equation(s) , 1 hole-equation(s) ) 
using Bank/Rose nonlinear solver.

Iteration   |Rhs|      factor     |step|     error   #inner  #iterative  time
------------------------------------------------------------------------------
    0      6.80e+05                                                      0.04
    1      1.26e+03   1.00e+00   2.69e-03   7.56e+01    0         1      0.14
    2      4.06e-01   1.00e+00   6.41e-05   8.58e-01    0         1      0.24
Finished, because...
Error smaller than 1 ( 8.5774E-01 ).

Accumulated times:
Assembly time:        0.15 s
Solve time:      0.09 s
Total time:      0.24 s

Computing BDF2-step from 0.519538 s to 0.529538 s (Stepsize: 0.01 s)
Extrapolating values for t = 0.529538 ... done.
Computing Coupled( 1 poisson-equation(s) , 1 current-contact-equation(s) , 
                   1 electron-equation(s) , 1 hole-equation(s) ) 
using Bank/Rose nonlinear solver.

Iteration   |Rhs|      factor     |step|     error   #inner  #iterative  time
------------------------------------------------------------------------------
    0      1.36e+06                                                      0.04
    1      4.44e+03   1.00e+00   5.18e-03   1.47e+02    0         1      0.14
    2      5.06e+00   1.00e+00   2.22e-04   3.13e+00    0         1      0.25
    3      3.97e-02   1.00e+00   1.20e-06   5.07e-03    0         1      0.35
Finished, because...
Error smaller than 1 ( 5.0662E-03 ).

Accumulated times:
Assembly time:        0.21 s
Solve time:      0.14 s
Total time:      0.35 s

contact        voltage     electron current    hole current     total current
 drain        5.295E-01       1.650E-04         0.000E+00        1.650E-04
 gate         1.500E+00      -1.744E-16        -6.971E-33       -1.428E-16
 source       0.000E+00      -1.650E-04         0.000E+00       -1.650E-04


Computing TR-step from 0.529538 s to 0.535396 s (Stepsize: 5.8579e-03 s)
Extrapolating values for t = 0.535396 ... done.
Computing Coupled( 1 poisson-equation(s) , 1 current-contact-equation(s) , 
                   1 electron-equation(s) , 1 hole-equation(s) ) 
using Bank/Rose nonlinear solver.

Iteration   |Rhs|      factor     |step|     error   #inner  #iterative  time
------------------------------------------------------------------------------
    0      2.59e+06                                                      0.04
    1      1.36e+04   1.00e+00   9.43e-03   2.70e+02    0         1      0.14
    2      4.74e+01   1.00e+00   6.74e-04   1.02e+01    0         1      0.24
    3      3.68e-02   1.00e+00   1.04e-05   4.75e-02    0         1      0.34
Finished, because...
Error smaller than 1 ( 4.7467E-02 ).

Accumulated times:
Assembly time:        0.19 s
Solve time:      0.15 s
Total time:      0.34 s

Computing BDF2-step from 0.529538 s to 0.539538 s (Stepsize: 0.01 s)
Extrapolating values for t = 0.539538 ... done.
Computing Coupled( 1 poisson-equation(s) , 1 current-contact-equation(s) , 
                   1 electron-equation(s) , 1 hole-equation(s) ) 
using Bank/Rose nonlinear solver.

Iteration   |Rhs|      factor     |step|     error   #inner  #iterative  time
------------------------------------------------------------------------------
    0      3.68e+06                                                      0.05
    1      2.41e+04   1.00e+00   1.29e-02   3.72e+02    0         1      0.15
    2      1.46e+02   1.00e+00   1.19e-03   1.88e+01    0         1      0.24
    3      3.51e-02   1.00e+00   2.99e-05   1.47e-01    0         1      0.34
Finished, because...
Error smaller than 1 ( 1.4747E-01 ).

Accumulated times:
Assembly time:        0.21 s
Solve time:      0.12 s
Total time:      0.34 s

contact        voltage     electron current    hole current     total current
 drain        5.395E-01       1.679E-04         0.000E+00        1.679E-04
 gate         1.500E+00      -1.481E-16        -6.706E-33       -1.427E-16
 source       0.000E+00      -1.679E-04         0.000E+00       -1.679E-04


Computing TR-step from 0.539538 s to 0.545396 s (Stepsize: 5.8579e-03 s)
Extrapolating values for t = 0.545396 ... done.
Computing Coupled( 1 poisson-equation(s) , 1 current-contact-equation(s) , 
                   1 electron-equation(s) , 1 hole-equation(s) ) 
using Bank/Rose nonlinear solver.

Iteration   |Rhs|      factor     |step|     error   #inner  #iterative  time
------------------------------------------------------------------------------
    0      6.89e+05                                                      0.05
    1      1.17e+03   1.00e+00   2.52e-03   7.01e+01    0         1      0.15
    2      3.32e-01   1.00e+00   5.89e-05   8.77e-01    0         1      0.25
Finished, because...
Error smaller than 1 ( 8.7723E-01 ).

Accumulated times:
Assembly time:        0.17 s
Solve time:      0.08 s
Total time:      0.25 s

Computing BDF2-step from 0.539538 s to 0.549538 s (Stepsize: 0.01 s)
Extrapolating values for t = 0.549538 ... done.
Computing Coupled( 1 poisson-equation(s) , 1 current-contact-equation(s) , 
                   1 electron-equation(s) , 1 hole-equation(s) ) 
using Bank/Rose nonlinear solver.

Iteration   |Rhs|      factor     |step|     error   #inner  #iterative  time
------------------------------------------------------------------------------
    0      1.37e+06                                                      0.05
    1      3.91e+03   1.00e+00   4.91e-03   1.37e+02    0         1      0.15
    2      3.60e+00   1.00e+00   2.06e-04   3.16e+00    0         1      0.25
    3      3.42e-02   1.00e+00   1.01e-06   4.78e-03    0         1      0.34
Finished, because...
Error smaller than 1 ( 4.7778E-03 ).

Accumulated times:
Assembly time:        0.22 s
Solve time:      0.12 s
Total time:      0.34 s

contact        voltage     electron current    hole current     total current
 drain        5.495E-01       1.708E-04         0.000E+00        1.708E-04
 gate         1.500E+00      -1.000E-16        -6.403E-33       -1.425E-16
 source       0.000E+00      -1.708E-04         0.000E+00       -1.708E-04


Computing TR-step from 0.549538 s to 0.555396 s (Stepsize: 5.8579e-03 s)
Extrapolating values for t = 0.555396 ... done.
Computing Coupled( 1 poisson-equation(s) , 1 current-contact-equation(s) , 
                   1 electron-equation(s) , 1 hole-equation(s) ) 
using Bank/Rose nonlinear solver.

Iteration   |Rhs|      factor     |step|     error   #inner  #iterative  time
------------------------------------------------------------------------------
    0      2.63e+06                                                      0.04
    1      1.11e+04   1.00e+00   9.04e-03   2.55e+02    0         1      0.14
    2      2.86e+01   1.00e+00   6.38e-04   1.01e+01    0         1      0.24
    3      3.06e-02   1.00e+00   8.66e-06   4.34e-02    0         1      0.34
Finished, because...
Error smaller than 1 ( 4.3406E-02 ).

Accumulated times:
Assembly time:        0.21 s
Solve time:      0.12 s
Total time:      0.34 s

Computing BDF2-step from 0.549538 s to 0.559538 s (Stepsize: 0.01 s)
Extrapolating values for t = 0.559538 ... done.
Computing Coupled( 1 poisson-equation(s) , 1 current-contact-equation(s) , 
                   1 electron-equation(s) , 1 hole-equation(s) ) 
using Bank/Rose nonlinear solver.

Iteration   |Rhs|      factor     |step|     error   #inner  #iterative  time
------------------------------------------------------------------------------
    0      3.72e+06                                                      0.05
    1      1.86e+04   1.00e+00   1.25e-02   3.53e+02    0         1      0.14
    2      8.20e+01   1.00e+00   1.14e-03   1.82e+01    0         1      0.24
    3      3.71e-02   1.00e+00   2.53e-05   1.33e-01    0         1      0.34
Finished, because...
Error smaller than 1 ( 1.3280E-01 ).

Accumulated times:
Assembly time:        0.20 s
Solve time:      0.14 s
Total time:      0.34 s

contact        voltage     electron current    hole current     total current
 drain        5.595E-01       1.738E-04         0.000E+00        1.738E-04
 gate         1.500E+00      -1.137E-16        -6.246E-33       -1.424E-16
 source       0.000E+00      -1.738E-04         0.000E+00       -1.738E-04


Computing TR-step from 0.559538 s to 0.565396 s (Stepsize: 5.8579e-03 s)
Extrapolating values for t = 0.565396 ... done.
Computing Coupled( 1 poisson-equation(s) , 1 current-contact-equation(s) , 
                   1 electron-equation(s) , 1 hole-equation(s) ) 
using Bank/Rose nonlinear solver.

Iteration   |Rhs|      factor     |step|     error   #inner  #iterative  time
------------------------------------------------------------------------------
    0      6.97e+05                                                      0.04
    1      6.71e+02   1.00e+00   2.46e-03   7.01e+01    0         1      0.14
    2      1.86e-01   1.00e+00   5.86e-05   8.19e-01    0         1      0.24
Finished, because...
Error smaller than 1 ( 8.1873E-01 ).

Accumulated times:
Assembly time:        0.15 s
Solve time:      0.09 s
Total time:      0.24 s

Computing BDF2-step from 0.559538 s to 0.569538 s (Stepsize: 0.01 s)
Extrapolating values for t = 0.569538 ... done.
Computing Coupled( 1 poisson-equation(s) , 1 current-contact-equation(s) , 
                   1 electron-equation(s) , 1 hole-equation(s) ) 
using Bank/Rose nonlinear solver.

Iteration   |Rhs|      factor     |step|     error   #inner  #iterative  time
------------------------------------------------------------------------------
    0      1.39e+06                                                      0.05
    1      2.21e+03   1.00e+00   4.78e-03   1.36e+02    0         1      0.15
    2      2.43e+00   1.00e+00   2.02e-04   2.93e+00    0         1      0.25
    3      3.48e-02   1.00e+00   9.94e-07   4.88e-03    0         1      0.34
Finished, because...
Error smaller than 1 ( 4.8786E-03 ).

Accumulated times:
Assembly time:        0.22 s
Solve time:      0.12 s
Total time:      0.34 s

contact        voltage     electron current    hole current     total current
 drain        5.695E-01       1.768E-04         0.000E+00        1.768E-04
 gate         1.500E+00      -1.272E-16        -6.096E-33       -1.422E-16
 source       0.000E+00      -1.768E-04         0.000E+00       -1.768E-04


Computing TR-step from 0.569538 s to 0.575396 s (Stepsize: 5.8579e-03 s)
Extrapolating values for t = 0.575396 ... done.
Computing Coupled( 1 poisson-equation(s) , 1 current-contact-equation(s) , 
                   1 electron-equation(s) , 1 hole-equation(s) ) 
using Bank/Rose nonlinear solver.

Iteration   |Rhs|      factor     |step|     error   #inner  #iterative  time
------------------------------------------------------------------------------
    0      2.66e+06                                                      0.05
    1      6.20e+03   1.00e+00   8.78e-03   2.52e+02    0         1      0.15
    2      2.35e+01   1.00e+00   5.98e-04   9.29e+00    0         1      0.25
    3      3.03e-02   1.00e+00   7.59e-06   4.35e-02    0         1      0.35
Finished, because...
Error smaller than 1 ( 4.3451E-02 ).

Accumulated times:
Assembly time:        0.23 s
Solve time:      0.12 s
Total time:      0.35 s

Computing BDF2-step from 0.569538 s to 0.579538 s (Stepsize: 0.01 s)
Extrapolating values for t = 0.579538 ... done.
Computing Coupled( 1 poisson-equation(s) , 1 current-contact-equation(s) , 
                   1 electron-equation(s) , 1 hole-equation(s) ) 
using Bank/Rose nonlinear solver.

Iteration   |Rhs|      factor     |step|     error   #inner  #iterative  time
------------------------------------------------------------------------------
    0      3.77e+06                                                      0.05
    1      1.12e+04   1.00e+00   1.21e-02   3.47e+02    0         1      0.15
    2      7.28e+01   1.00e+00   1.03e-03   1.68e+01    0         1      0.24
    3      3.49e-02   1.00e+00   2.08e-05   1.31e-01    0         1      0.34
Finished, because...
Error smaller than 1 ( 1.3074E-01 ).

Accumulated times:
Assembly time:        0.22 s
Solve time:      0.12 s
Total time:      0.34 s

contact        voltage     electron current    hole current     total current
 drain        5.795E-01       1.798E-04         0.000E+00        1.798E-04
 gate         1.500E+00      -1.508E-16        -5.984E-33       -1.421E-16
 source       0.000E+00      -1.798E-04         0.000E+00       -1.798E-04


Computing TR-step from 0.579538 s to 0.585396 s (Stepsize: 5.8579e-03 s)
Extrapolating values for t = 0.585396 ... done.
Computing Coupled( 1 poisson-equation(s) , 1 current-contact-equation(s) , 
                   1 electron-equation(s) , 1 hole-equation(s) ) 
using Bank/Rose nonlinear solver.

Iteration   |Rhs|      factor     |step|     error   #inner  #iterative  time
------------------------------------------------------------------------------
    0      7.05e+05                                                      0.04
    1      6.87e+02   1.00e+00   2.35e-03   6.20e+01    0         1      0.14
    2      1.04e-01   1.00e+00   5.27e-05   7.15e-01    0         1      0.24
Finished, because...
Error smaller than 1 ( 7.1473E-01 ).

Accumulated times:
Assembly time:        0.16 s
Solve time:      0.08 s
Total time:      0.24 s

Computing BDF2-step from 0.579538 s to 0.589538 s (Stepsize: 0.01 s)
Extrapolating values for t = 0.589538 ... done.
Computing Coupled( 1 poisson-equation(s) , 1 current-contact-equation(s) , 
                   1 electron-equation(s) , 1 hole-equation(s) ) 
using Bank/Rose nonlinear solver.

Iteration   |Rhs|      factor     |step|     error   #inner  #iterative  time
------------------------------------------------------------------------------
    0      1.40e+06                                                      0.04
    1      2.34e+03   1.00e+00   4.55e-03   1.20e+02    0         1      0.14
    2      1.30e+00   1.00e+00   1.82e-04   2.58e+00    0         1      0.23
    3      4.02e-02   1.00e+00   7.88e-07   4.03e-03    0         1      0.33
Finished, because...
Error smaller than 1 ( 4.0348E-03 ).

Accumulated times:
Assembly time:        0.19 s
Solve time:      0.14 s
Total time:      0.33 s

contact        voltage     electron current    hole current     total current
 drain        5.895E-01       1.829E-04         0.000E+00        1.829E-04
 gate         1.500E+00      -1.091E-16        -5.729E-33       -1.419E-16
 source       0.000E+00      -1.829E-04         0.000E+00       -1.829E-04


Computing TR-step from 0.589538 s to 0.595396 s (Stepsize: 5.8579e-03 s)
Extrapolating values for t = 0.595396 ... done.
Computing Coupled( 1 poisson-equation(s) , 1 current-contact-equation(s) , 
                   1 electron-equation(s) , 1 hole-equation(s) ) 
using Bank/Rose nonlinear solver.

Iteration   |Rhs|      factor     |step|     error   #inner  #iterative  time
------------------------------------------------------------------------------
    0      2.69e+06                                                      0.05
    1      6.85e+03   1.00e+00   8.34e-03   2.20e+02    0         1      0.15
    2      1.44e+01   1.00e+00   5.47e-04   8.29e+00    0         1      0.25
    3      3.62e-02   1.00e+00   6.20e-06   3.76e-02    0         1      0.34
Finished, because...
Error smaller than 1 ( 3.7627E-02 ).

Accumulated times:
Assembly time:        0.21 s
Solve time:      0.13 s
Total time:      0.34 s

Computing BDF2-step from 0.589538 s to 0.599538 s (Stepsize: 0.01 s)
Extrapolating values for t = 0.599538 ... done.
Computing Coupled( 1 poisson-equation(s) , 1 current-contact-equation(s) , 
                   1 electron-equation(s) , 1 hole-equation(s) ) 
using Bank/Rose nonlinear solver.

Iteration   |Rhs|      factor     |step|     error   #inner  #iterative  time
------------------------------------------------------------------------------
    0      3.81e+06                                                      0.04
    1      1.22e+04   1.00e+00   1.15e-02   3.03e+02    0         1      0.14
    2      4.87e+01   1.00e+00   9.57e-04   1.52e+01    0         1      0.23
    3      4.98e-02   1.00e+00   1.77e-05   1.19e-01    0         1      0.33
Finished, because...
Error smaller than 1 ( 1.1928E-01 ).

Accumulated times:
Assembly time:        0.20 s
Solve time:      0.13 s
Total time:      0.33 s

contact        voltage     electron current    hole current     total current
 drain        5.995E-01       1.859E-04         0.000E+00        1.859E-04
 gate         1.500E+00      -1.434E-16        -5.656E-33       -1.418E-16
 source       0.000E+00      -1.859E-04         0.000E+00       -1.859E-04


Computing TR-step from 0.599538 s to 0.605396 s (Stepsize: 5.8579e-03 s)
Extrapolating values for t = 0.605396 ... done.
Computing Coupled( 1 poisson-equation(s) , 1 current-contact-equation(s) , 
                   1 electron-equation(s) , 1 hole-equation(s) ) 
using Bank/Rose nonlinear solver.

Iteration   |Rhs|      factor     |step|     error   #inner  #iterative  time
------------------------------------------------------------------------------
    0      7.11e+05                                                      0.04
    1      6.36e+02   1.00e+00   2.24e-03   5.59e+01    0         1      0.14
    2      1.19e-01   1.00e+00   4.61e-05   6.84e-01    0         1      0.23
Finished, because...
Error smaller than 1 ( 6.8361E-01 ).

Accumulated times:
Assembly time:        0.14 s
Solve time:      0.09 s
Total time:      0.23 s

Computing BDF2-step from 0.599538 s to 0.609538 s (Stepsize: 0.01 s)
Extrapolating values for t = 0.609538 ... done.
Computing Coupled( 1 poisson-equation(s) , 1 current-contact-equation(s) , 
                   1 electron-equation(s) , 1 hole-equation(s) ) 
using Bank/Rose nonlinear solver.

Iteration   |Rhs|      factor     |step|     error   #inner  #iterative  time
------------------------------------------------------------------------------
    0      1.42e+06                                                      0.05
    1      2.24e+03   1.00e+00   4.35e-03   1.09e+02    0         1      0.14
    2      1.31e+00   1.00e+00   1.62e-04   2.51e+00    0         1      0.24
    3      4.17e-02   1.00e+00   6.15e-07   3.84e-03    0         1      0.33
Finished, because...
Error smaller than 1 ( 3.8414E-03 ).

Accumulated times:
Assembly time:        0.20 s
Solve time:      0.13 s
Total time:      0.33 s

contact        voltage     electron current    hole current     total current
 drain        6.095E-01       1.890E-04         0.000E+00        1.890E-04
 gate         1.500E+00      -1.476E-16        -5.516E-33       -1.417E-16
 source       0.000E+00      -1.890E-04         0.000E+00       -1.890E-04


Computing TR-step from 0.609538 s to 0.615396 s (Stepsize: 5.8579e-03 s)
Extrapolating values for t = 0.615396 ... done.
Computing Coupled( 1 poisson-equation(s) , 1 current-contact-equation(s) , 
                   1 electron-equation(s) , 1 hole-equation(s) ) 
using Bank/Rose nonlinear solver.

Iteration   |Rhs|      factor     |step|     error   #inner  #iterative  time
------------------------------------------------------------------------------
    0      2.71e+06                                                      0.04
    1      6.92e+03   1.00e+00   7.99e-03   2.03e+02    0         1      0.14
    2      1.00e+01   1.00e+00   4.97e-04   8.17e+00    0         1      0.24
    3      2.76e-02   1.00e+00   4.85e-06   3.77e-02    0         1      0.34
Finished, because...
Error smaller than 1 ( 3.7684E-02 ).

Accumulated times:
Assembly time:        0.22 s
Solve time:      0.12 s
Total time:      0.34 s

Computing BDF2-step from 0.609538 s to 0.619538 s (Stepsize: 0.01 s)
Extrapolating values for t = 0.619538 ... done.
Computing Coupled( 1 poisson-equation(s) , 1 current-contact-equation(s) , 
                   1 electron-equation(s) , 1 hole-equation(s) ) 
using Bank/Rose nonlinear solver.

Iteration   |Rhs|      factor     |step|     error   #inner  #iterative  time
------------------------------------------------------------------------------
    0      3.84e+06                                                      0.04
    1      1.25e+04   1.00e+00   1.10e-02   2.82e+02    0         1      0.14
    2      2.60e+01   1.00e+00   8.84e-04   1.51e+01    0         1      0.24
    3      3.57e-02   1.00e+00   1.39e-05   1.20e-01    0         1      0.33
Finished, because...
Error smaller than 1 ( 1.2037E-01 ).

Accumulated times:
Assembly time:        0.20 s
Solve time:      0.12 s
Total time:      0.33 s

contact        voltage     electron current    hole current     total current
 drain        6.195E-01       1.921E-04         0.000E+00        1.921E-04
 gate         1.500E+00      -1.766E-16        -5.439E-33       -1.415E-16
 source       0.000E+00      -1.921E-04         0.000E+00       -1.921E-04


Computing TR-step from 0.619538 s to 0.625396 s (Stepsize: 5.8579e-03 s)
Extrapolating values for t = 0.625396 ... done.
Computing Coupled( 1 poisson-equation(s) , 1 current-contact-equation(s) , 
                   1 electron-equation(s) , 1 hole-equation(s) ) 
using Bank/Rose nonlinear solver.

Iteration   |Rhs|      factor     |step|     error   #inner  #iterative  time
------------------------------------------------------------------------------
    0      7.18e+05                                                      0.04
    1      5.38e+02   1.00e+00   2.14e-03   5.87e+01    0         1      0.14
    2      7.56e-02   1.00e+00   4.21e-05   7.50e-01    0         1      0.24
Finished, because...
Error smaller than 1 ( 7.4976E-01 ).

Accumulated times:
Assembly time:        0.16 s
Solve time:      0.08 s
Total time:      0.24 s

Computing BDF2-step from 0.619538 s to 0.629538 s (Stepsize: 0.01 s)
Extrapolating values for t = 0.629538 ... done.
Computing Coupled( 1 poisson-equation(s) , 1 current-contact-equation(s) , 
                   1 electron-equation(s) , 1 hole-equation(s) ) 
using Bank/Rose nonlinear solver.

Iteration   |Rhs|      factor     |step|     error   #inner  #iterative  time
------------------------------------------------------------------------------
    0      1.43e+06                                                      0.04
    1      2.01e+03   1.00e+00   4.15e-03   1.15e+02    0         1      0.14
    2      9.93e-01   1.00e+00   1.45e-04   2.69e+00    0         1      0.23
    3      3.67e-02   1.00e+00   5.49e-07   4.41e-03    0         1      0.33
Finished, because...
Error smaller than 1 ( 4.4091E-03 ).

Accumulated times:
Assembly time:        0.19 s
Solve time:      0.14 s
Total time:      0.33 s

contact        voltage     electron current    hole current     total current
 drain        6.295E-01       1.952E-04         0.000E+00        1.952E-04
 gate         1.500E+00      -1.854E-16        -5.329E-33       -1.414E-16
 source       0.000E+00      -1.952E-04         0.000E+00       -1.952E-04


Computing TR-step from 0.629538 s to 0.635396 s (Stepsize: 5.8579e-03 s)
Extrapolating values for t = 0.635396 ... done.
Computing Coupled( 1 poisson-equation(s) , 1 current-contact-equation(s) , 
                   1 electron-equation(s) , 1 hole-equation(s) ) 
using Bank/Rose nonlinear solver.

Iteration   |Rhs|      factor     |step|     error   #inner  #iterative  time
------------------------------------------------------------------------------
    0      2.73e+06                                                      0.05
    1      6.67e+03   1.00e+00   7.62e-03   2.13e+02    0         1      0.14
    2      9.88e+00   1.00e+00   4.30e-04   8.46e+00    0         1      0.24
    3      3.36e-02   1.00e+00   4.13e-06   3.67e-02    0         1      0.34
Finished, because...
Error smaller than 1 ( 3.6698E-02 ).

Accumulated times:
Assembly time:        0.20 s
Solve time:      0.14 s
Total time:      0.34 s

Computing BDF2-step from 0.629538 s to 0.639538 s (Stepsize: 0.01 s)
Extrapolating values for t = 0.639538 ... done.
Computing Coupled( 1 poisson-equation(s) , 1 current-contact-equation(s) , 
                   1 electron-equation(s) , 1 hole-equation(s) ) 
using Bank/Rose nonlinear solver.

Iteration   |Rhs|      factor     |step|     error   #inner  #iterative  time
------------------------------------------------------------------------------
    0      3.87e+06                                                      0.05
    1      1.24e+04   1.00e+00   1.05e-02   2.95e+02    0         1      0.14
    2      3.15e+01   1.00e+00   7.51e-04   1.52e+01    0         1      0.24
    3      3.60e-02   1.00e+00   1.10e-05   1.06e-01    0         1      0.34
Finished, because...
Error smaller than 1 ( 1.0562E-01 ).

Accumulated times:
Assembly time:        0.22 s
Solve time:      0.12 s
Total time:      0.34 s

contact        voltage     electron current    hole current     total current
 drain        6.395E-01       1.983E-04         0.000E+00        1.983E-04
 gate         1.500E+00      -1.309E-16        -5.084E-33       -1.412E-16
 source       0.000E+00      -1.983E-04         0.000E+00       -1.983E-04


Computing TR-step from 0.639538 s to 0.645396 s (Stepsize: 5.8579e-03 s)
Extrapolating values for t = 0.645396 ... done.
Computing Coupled( 1 poisson-equation(s) , 1 current-contact-equation(s) , 
                   1 electron-equation(s) , 1 hole-equation(s) ) 
using Bank/Rose nonlinear solver.

Iteration   |Rhs|      factor     |step|     error   #inner  #iterative  time
------------------------------------------------------------------------------
    0      7.23e+05                                                      0.04
    1      6.95e+02   1.00e+00   1.92e-03   5.52e+01    0         1      0.13
    2      5.16e-02   1.00e+00   3.73e-05   6.20e-01    0         1      0.22
Finished, because...
Error smaller than 1 ( 6.2028E-01 ).

Accumulated times:
Assembly time:        0.14 s
Solve time:      0.08 s
Total time:      0.22 s

Computing BDF2-step from 0.639538 s to 0.649538 s (Stepsize: 0.01 s)
Extrapolating values for t = 0.649538 ... done.
Computing Coupled( 1 poisson-equation(s) , 1 current-contact-equation(s) , 
                   1 electron-equation(s) , 1 hole-equation(s) ) 
using Bank/Rose nonlinear solver.

Iteration   |Rhs|      factor     |step|     error   #inner  #iterative  time
------------------------------------------------------------------------------
    0      1.44e+06                                                      0.04
    1      2.46e+03   1.00e+00   3.72e-03   1.07e+02    0         1      0.13
    2      5.37e-01   1.00e+00   1.33e-04   2.22e+00    0         1      0.22
    3      3.64e-02   1.00e+00   6.07e-07   3.82e-03    0         1      0.32
Finished, because...
Error smaller than 1 ( 3.8227E-03 ).

Accumulated times:
Assembly time:        0.18 s
Solve time:      0.13 s
Total time:      0.32 s

contact        voltage     electron current    hole current     total current
 drain        6.495E-01       2.015E-04         0.000E+00        2.015E-04
 gate         1.500E+00      -1.281E-16        -4.952E-33       -1.411E-16
 source       0.000E+00      -2.015E-04         0.000E+00       -2.015E-04


Computing TR-step from 0.649538 s to 0.655396 s (Stepsize: 5.8579e-03 s)
Extrapolating values for t = 0.655396 ... done.
Computing Coupled( 1 poisson-equation(s) , 1 current-contact-equation(s) , 
                   1 electron-equation(s) , 1 hole-equation(s) ) 
using Bank/Rose nonlinear solver.

Iteration   |Rhs|      factor     |step|     error   #inner  #iterative  time
------------------------------------------------------------------------------
    0      2.75e+06                                                      0.04
    1      7.60e+03   1.00e+00   6.83e-03   1.95e+02    0         1      0.14
    2      4.52e+00   1.00e+00   4.15e-04   7.05e+00    0         1      0.23
    3      3.49e-02   1.00e+00   5.11e-06   3.64e-02    0         1      0.32
Finished, because...
Error smaller than 1 ( 3.6439E-02 ).

Accumulated times:
Assembly time:        0.20 s
Solve time:      0.12 s
Total time:      0.32 s

Computing BDF2-step from 0.649538 s to 0.659538 s (Stepsize: 0.01 s)
Extrapolating values for t = 0.659538 ... done.
Computing Coupled( 1 poisson-equation(s) , 1 current-contact-equation(s) , 
                   1 electron-equation(s) , 1 hole-equation(s) ) 
using Bank/Rose nonlinear solver.

Iteration   |Rhs|      factor     |step|     error   #inner  #iterative  time
------------------------------------------------------------------------------
    0      3.90e+06                                                      0.04
    1      1.35e+04   1.00e+00   9.40e-03   2.67e+02    0         1      0.13
    2      1.32e+01   1.00e+00   7.37e-04   1.28e+01    0         1      0.25
    3      4.47e-02   1.00e+00   1.47e-05   1.16e-01    0         1      0.35
Finished, because...
Error smaller than 1 ( 1.1625E-01 ).

Accumulated times:
Assembly time:        0.23 s
Solve time:      0.11 s
Total time:      0.35 s

contact        voltage     electron current    hole current     total current
 drain        6.595E-01       2.046E-04         0.000E+00        2.046E-04
 gate         1.500E+00      -1.544E-16        -4.896E-33       -1.409E-16
 source       0.000E+00      -2.046E-04         0.000E+00       -2.046E-04


Computing TR-step from 0.659538 s to 0.665396 s (Stepsize: 5.8579e-03 s)
Extrapolating values for t = 0.665396 ... done.
Computing Coupled( 1 poisson-equation(s) , 1 current-contact-equation(s) , 
                   1 electron-equation(s) , 1 hole-equation(s) ) 
using Bank/Rose nonlinear solver.

Iteration   |Rhs|      factor     |step|     error   #inner  #iterative  time
------------------------------------------------------------------------------
    0      7.28e+05                                                      0.04
    1      5.50e+02   1.00e+00   1.87e-03   4.59e+01    0         1      0.13
    2      4.18e-02   1.00e+00   3.54e-05   5.50e-01    0         1      0.23
Finished, because...
Error smaller than 1 ( 5.4994E-01 ).

Accumulated times:
Assembly time:        0.14 s
Solve time:      0.08 s
Total time:      0.23 s

Computing BDF2-step from 0.659538 s to 0.669538 s (Stepsize: 0.01 s)
Extrapolating values for t = 0.669538 ... done.
Computing Coupled( 1 poisson-equation(s) , 1 current-contact-equation(s) , 
                   1 electron-equation(s) , 1 hole-equation(s) ) 
using Bank/Rose nonlinear solver.

Iteration   |Rhs|      factor     |step|     error   #inner  #iterative  time
------------------------------------------------------------------------------
    0      1.45e+06                                                      0.05
    1      2.05e+03   1.00e+00   3.64e-03   8.93e+01    0         1      0.14
    2      3.87e-01   1.00e+00   1.27e-04   2.05e+00    0         1      0.23
    3      3.29e-02   1.00e+00   4.90e-07   3.79e-03    0         1      0.33
Finished, because...
Error smaller than 1 ( 3.7863E-03 ).

Accumulated times:
Assembly time:        0.21 s
Solve time:      0.12 s
Total time:      0.33 s

contact        voltage     electron current    hole current     total current
 drain        6.695E-01       2.078E-04         0.000E+00        2.078E-04
 gate         1.500E+00      -1.031E-16        -4.675E-33       -1.408E-16
 source       0.000E+00      -2.078E-04         0.000E+00       -2.078E-04


Computing TR-step from 0.669538 s to 0.675396 s (Stepsize: 5.8579e-03 s)
Extrapolating values for t = 0.675396 ... done.
Computing Coupled( 1 poisson-equation(s) , 1 current-contact-equation(s) , 
                   1 electron-equation(s) , 1 hole-equation(s) ) 
using Bank/Rose nonlinear solver.

Iteration   |Rhs|      factor     |step|     error   #inner  #iterative  time
------------------------------------------------------------------------------
    0      2.77e+06                                                      0.04
    1      6.82e+03   1.00e+00   6.71e-03   1.65e+02    0         1      0.13
    2      4.02e+00   1.00e+00   3.99e-04   6.84e+00    0         1      0.22
    3      3.30e-02   1.00e+00   4.40e-06   3.77e-02    0         1      0.33
Finished, because...
Error smaller than 1 ( 3.7666E-02 ).

Accumulated times:
Assembly time:        0.20 s
Solve time:      0.12 s
Total time:      0.33 s

Computing BDF2-step from 0.669538 s to 0.679538 s (Stepsize: 0.01 s)
Extrapolating values for t = 0.679538 ... done.
Computing Coupled( 1 poisson-equation(s) , 1 current-contact-equation(s) , 
                   1 electron-equation(s) , 1 hole-equation(s) ) 
using Bank/Rose nonlinear solver.

Iteration   |Rhs|      factor     |step|     error   #inner  #iterative  time
------------------------------------------------------------------------------
    0      3.92e+06                                                      0.04
    1      1.28e+04   1.00e+00   9.25e-03   2.28e+02    0         1      0.14
    2      1.33e+01   1.00e+00   7.16e-04   1.28e+01    0         1      0.23
    3      4.31e-02   1.00e+00   1.35e-05   1.20e-01    0         1      0.32
Finished, because...
Error smaller than 1 ( 1.2011E-01 ).

Accumulated times:
Assembly time:        0.20 s
Solve time:      0.12 s
Total time:      0.32 s

contact        voltage     electron current    hole current     total current
 drain        6.795E-01       2.110E-04         0.000E+00        2.110E-04
 gate         1.500E+00      -1.519E-16        -4.676E-33       -1.406E-16
 source       0.000E+00      -2.110E-04         0.000E+00       -2.110E-04


Computing TR-step from 0.679538 s to 0.685396 s (Stepsize: 5.8579e-03 s)
Extrapolating values for t = 0.685396 ... done.
Computing Coupled( 1 poisson-equation(s) , 1 current-contact-equation(s) , 
                   1 electron-equation(s) , 1 hole-equation(s) ) 
using Bank/Rose nonlinear solver.

Iteration   |Rhs|      factor     |step|     error   #inner  #iterative  time
------------------------------------------------------------------------------
    0      7.31e+05                                                      0.05
    1      4.96e+02   1.00e+00   1.77e-03   4.77e+01    0         1      0.14
    2      3.66e-02   1.00e+00   3.13e-05   6.78e-01    0         1      0.24
Finished, because...
Error smaller than 1 ( 6.7760E-01 ).

Accumulated times:
Assembly time:        0.16 s
Solve time:      0.08 s
Total time:      0.24 s

Computing BDF2-step from 0.679538 s to 0.689538 s (Stepsize: 0.01 s)
Extrapolating values for t = 0.689538 ... done.
Computing Coupled( 1 poisson-equation(s) , 1 current-contact-equation(s) , 
                   1 electron-equation(s) , 1 hole-equation(s) ) 
using Bank/Rose nonlinear solver.

Iteration   |Rhs|      factor     |step|     error   #inner  #iterative  time
------------------------------------------------------------------------------
    0      1.46e+06                                                      0.05
    1      1.86e+03   1.00e+00   3.43e-03   9.38e+01    0         1      0.14
    2      2.53e-01   1.00e+00   1.10e-04   2.41e+00    0         1      0.23
    3      3.73e-02   1.00e+00   3.57e-07   3.45e-03    0         1      0.32
Finished, because...
Error smaller than 1 ( 3.4465E-03 ).

Accumulated times:
Assembly time:        0.18 s
Solve time:      0.13 s
Total time:      0.32 s

contact        voltage     electron current    hole current     total current
 drain        6.895E-01       2.142E-04         0.000E+00        2.142E-04
 gate         1.500E+00      -1.621E-16        -4.598E-33       -1.405E-16
 source       0.000E+00      -2.142E-04         0.000E+00       -2.142E-04


Computing TR-step from 0.689538 s to 0.695396 s (Stepsize: 5.8579e-03 s)
Extrapolating values for t = 0.695396 ... done.
Computing Coupled( 1 poisson-equation(s) , 1 current-contact-equation(s) , 
                   1 electron-equation(s) , 1 hole-equation(s) ) 
using Bank/Rose nonlinear solver.

Iteration   |Rhs|      factor     |step|     error   #inner  #iterative  time
------------------------------------------------------------------------------
    0      2.78e+06                                                      0.05
    1      6.33e+03   1.00e+00   6.32e-03   1.75e+02    0         1      0.14
    2      2.15e+00   1.00e+00   3.38e-04   7.46e+00    0         1      0.24
    3      3.20e-02   1.00e+00   2.92e-06   2.98e-02    0         1      0.33
Finished, because...
Error smaller than 1 ( 2.9844E-02 ).

Accumulated times:
Assembly time:        0.21 s
Solve time:      0.12 s
Total time:      0.33 s

Computing BDF2-step from 0.689538 s to 0.699538 s (Stepsize: 0.01 s)
Extrapolating values for t = 0.699538 ... done.
Computing Coupled( 1 poisson-equation(s) , 1 current-contact-equation(s) , 
                   1 electron-equation(s) , 1 hole-equation(s) ) 
using Bank/Rose nonlinear solver.

Iteration   |Rhs|      factor     |step|     error   #inner  #iterative  time
------------------------------------------------------------------------------
    0      3.94e+06                                                      0.05
    1      1.21e+04   1.00e+00   8.70e-03   2.43e+02    0         1      0.14
    2      6.36e+00   1.00e+00   6.03e-04   1.33e+01    0         1      0.23
    3      2.77e-02   1.00e+00   8.33e-06   9.15e-02    0         1      0.32
Finished, because...
Error smaller than 1 ( 9.1452E-02 ).

Accumulated times:
Assembly time:        0.20 s
Solve time:      0.12 s
Total time:      0.32 s

contact        voltage     electron current    hole current     total current
 drain        6.995E-01       2.174E-04         0.000E+00        2.174E-04
 gate         1.500E+00      -8.129E-17        -4.329E-33       -1.403E-16
 source       0.000E+00      -2.174E-04         0.000E+00       -2.174E-04


Computing TR-step from 0.699538 s to 0.705396 s (Stepsize: 5.8579e-03 s)
Extrapolating values for t = 0.705396 ... done.
Computing Coupled( 1 poisson-equation(s) , 1 current-contact-equation(s) , 
                   1 electron-equation(s) , 1 hole-equation(s) ) 
using Bank/Rose nonlinear solver.

Iteration   |Rhs|      factor     |step|     error   #inner  #iterative  time
------------------------------------------------------------------------------
    0      7.35e+05                                                      0.04
    1      4.88e+02   1.00e+00   1.63e-03   4.83e+01    0         1      0.14
    2      4.50e-02   1.00e+00   2.84e-05   6.06e-01    0         1      0.23
Finished, because...
Error smaller than 1 ( 6.0626E-01 ).

Accumulated times:
Assembly time:        0.14 s
Solve time:      0.08 s
Total time:      0.23 s

Computing BDF2-step from 0.699538 s to 0.709538 s (Stepsize: 0.01 s)
Extrapolating values for t = 0.709538 ... done.
Computing Coupled( 1 poisson-equation(s) , 1 current-contact-equation(s) , 
                   1 electron-equation(s) , 1 hole-equation(s) ) 
using Bank/Rose nonlinear solver.

Iteration   |Rhs|      factor     |step|     error   #inner  #iterative  time
------------------------------------------------------------------------------
    0      1.46e+06                                                      0.05
    1      1.83e+03   1.00e+00   3.17e-03   9.35e+01    0         1      0.14
    2      2.44e-01   1.00e+00   1.00e-04   2.21e+00    0         1      0.23
    3      3.68e-02   1.00e+00   3.39e-07   4.17e-03    0         1      0.33
Finished, because...
Error smaller than 1 ( 4.1682E-03 ).

Accumulated times:
Assembly time:        0.20 s
Solve time:      0.12 s
Total time:      0.33 s

contact        voltage     electron current    hole current     total current
 drain        7.095E-01       2.207E-04         0.000E+00        2.207E-04
 gate         1.500E+00      -8.928E-17        -4.250E-33       -1.401E-16
 source       0.000E+00      -2.207E-04         0.000E+00       -2.207E-04


Computing TR-step from 0.709538 s to 0.715396 s (Stepsize: 5.8579e-03 s)
Extrapolating values for t = 0.715396 ... done.
Computing Coupled( 1 poisson-equation(s) , 1 current-contact-equation(s) , 
                   1 electron-equation(s) , 1 hole-equation(s) ) 
using Bank/Rose nonlinear solver.

Iteration   |Rhs|      factor     |step|     error   #inner  #iterative  time
------------------------------------------------------------------------------
    0      2.80e+06                                                      0.04
    1      6.18e+03   1.00e+00   5.85e-03   1.71e+02    0         1      0.13
    2      2.52e+00   1.00e+00   3.09e-04   7.10e+00    0         1      0.22
    3      3.29e-02   1.00e+00   2.98e-06   3.85e-02    0         1      0.32
Finished, because...
Error smaller than 1 ( 3.8487E-02 ).

Accumulated times:
Assembly time:        0.20 s
Solve time:      0.12 s
Total time:      0.32 s

Computing BDF2-step from 0.709538 s to 0.719538 s (Stepsize: 0.01 s)
Extrapolating values for t = 0.719538 ... done.
Computing Coupled( 1 poisson-equation(s) , 1 current-contact-equation(s) , 
                   1 electron-equation(s) , 1 hole-equation(s) ) 
using Bank/Rose nonlinear solver.

Iteration   |Rhs|      factor     |step|     error   #inner  #iterative  time
------------------------------------------------------------------------------
    0      3.96e+06                                                      0.04
    1      1.19e+04   1.00e+00   8.06e-03   2.35e+02    0         1      0.13
    2      8.34e+00   1.00e+00   5.53e-04   1.30e+01    0         1      0.23
    3      3.84e-02   1.00e+00   9.18e-06   1.20e-01    0         1      0.32
Finished, because...
Error smaller than 1 ( 1.1997E-01 ).

Accumulated times:
Assembly time:        0.20 s
Solve time:      0.12 s
Total time:      0.32 s

contact        voltage     electron current    hole current     total current
 drain        7.195E-01       2.239E-04         0.000E+00        2.239E-04
 gate         1.500E+00      -1.409E-16        -4.275E-33       -1.400E-16
 source       0.000E+00      -2.239E-04         0.000E+00       -2.239E-04


Computing TR-step from 0.719538 s to 0.725396 s (Stepsize: 5.8579e-03 s)
Extrapolating values for t = 0.725396 ... done.
Computing Coupled( 1 poisson-equation(s) , 1 current-contact-equation(s) , 
                   1 electron-equation(s) , 1 hole-equation(s) ) 
using Bank/Rose nonlinear solver.

Iteration   |Rhs|      factor     |step|     error   #inner  #iterative  time
------------------------------------------------------------------------------
    0      7.37e+05                                                      0.04
    1      4.96e+02   1.00e+00   1.55e-03   4.21e+01    0         1      0.14
    2      3.36e-02   1.00e+00   2.63e-05   5.52e-01    0         1      0.22
Finished, because...
Error smaller than 1 ( 5.5171E-01 ).

Accumulated times:
Assembly time:        0.13 s
Solve time:      0.07 s
Total time:      0.22 s

Computing BDF2-step from 0.719538 s to 0.729538 s (Stepsize: 0.01 s)
Extrapolating values for t = 0.729538 ... done.
Computing Coupled( 1 poisson-equation(s) , 1 current-contact-equation(s) , 
                   1 electron-equation(s) , 1 hole-equation(s) ) 
using Bank/Rose nonlinear solver.

Iteration   |Rhs|      factor     |step|     error   #inner  #iterative  time
------------------------------------------------------------------------------
    0      1.47e+06                                                      0.04
    1      1.88e+03   1.00e+00   3.03e-03   8.20e+01    0         1      0.13
    2      1.52e-01   1.00e+00   9.26e-05   2.02e+00    0         1      0.22
    3      2.54e-02   1.00e+00   2.27e-07   3.88e-03    0         1      0.31
Finished, because...
Error smaller than 1 ( 3.8801E-03 ).

Accumulated times:
Assembly time:        0.19 s
Solve time:      0.11 s
Total time:      0.31 s

contact        voltage     electron current    hole current     total current
 drain        7.295E-01       2.272E-04         0.000E+00        2.272E-04
 gate         1.500E+00      -1.312E-16        -4.172E-33       -1.398E-16
 source       0.000E+00      -2.272E-04         0.000E+00       -2.272E-04


Computing TR-step from 0.729538 s to 0.735396 s (Stepsize: 5.8579e-03 s)
Extrapolating values for t = 0.735396 ... done.
Computing Coupled( 1 poisson-equation(s) , 1 current-contact-equation(s) , 
                   1 electron-equation(s) , 1 hole-equation(s) ) 
using Bank/Rose nonlinear solver.

Iteration   |Rhs|      factor     |step|     error   #inner  #iterative  time
------------------------------------------------------------------------------
    0      2.80e+06                                                      0.04
    1      6.45e+03   1.00e+00   5.61e-03   1.51e+02    0         1      0.13
    2      1.32e+00   1.00e+00   2.85e-04   6.58e+00    0         1      0.22
    3      2.83e-02   1.00e+00   1.62e-06   3.58e-02    0         1      0.31
Finished, because...
Error smaller than 1 ( 3.5793E-02 ).

Accumulated times:
Assembly time:        0.19 s
Solve time:      0.12 s
Total time:      0.31 s

Computing BDF2-step from 0.729538 s to 0.739538 s (Stepsize: 0.01 s)
Extrapolating values for t = 0.739538 ... done.
Computing Coupled( 1 poisson-equation(s) , 1 current-contact-equation(s) , 
                   1 electron-equation(s) , 1 hole-equation(s) ) 
using Bank/Rose nonlinear solver.

Iteration   |Rhs|      factor     |step|     error   #inner  #iterative  time
------------------------------------------------------------------------------
    0      3.97e+06                                                      0.03
    1      1.23e+04   1.00e+00   7.75e-03   2.08e+02    0         1      0.13
    2      3.93e+00   1.00e+00   5.06e-04   1.21e+01    0         1      0.21
    3      4.05e-02   1.00e+00   4.33e-06   1.11e-01    0         1      0.31
Finished, because...
Error smaller than 1 ( 1.1053E-01 ).

Accumulated times:
Assembly time:        0.19 s
Solve time:      0.11 s
Total time:      0.31 s

contact        voltage     electron current    hole current     total current
 drain        7.395E-01       2.305E-04         0.000E+00        2.305E-04
 gate         1.500E+00      -1.449E-16        -4.121E-33       -1.396E-16
 source       0.000E+00      -2.305E-04         0.000E+00       -2.305E-04


Computing TR-step from 0.739538 s to 0.745396 s (Stepsize: 5.8579e-03 s)
Extrapolating values for t = 0.745396 ... done.
Computing Coupled( 1 poisson-equation(s) , 1 current-contact-equation(s) , 
                   1 electron-equation(s) , 1 hole-equation(s) ) 
using Bank/Rose nonlinear solver.

Iteration   |Rhs|      factor     |step|     error   #inner  #iterative  time
------------------------------------------------------------------------------
    0      7.39e+05                                                      0.04
    1      4.75e+02   1.00e+00   1.47e-03   4.19e+01    0         1      0.13
    2      3.59e-02   1.00e+00   2.14e-05   5.83e-01    0         1      0.21
Finished, because...
Error smaller than 1 ( 5.8270E-01 ).

Accumulated times:
Assembly time:        0.13 s
Solve time:      0.07 s
Total time:      0.21 s

Computing BDF2-step from 0.739538 s to 0.749538 s (Stepsize: 0.01 s)
Extrapolating values for t = 0.749538 ... done.
Computing Coupled( 1 poisson-equation(s) , 1 current-contact-equation(s) , 
                   1 electron-equation(s) , 1 hole-equation(s) ) 
using Bank/Rose nonlinear solver.

Iteration   |Rhs|      factor     |step|     error   #inner  #iterative  time
------------------------------------------------------------------------------
    0      1.47e+06                                                      0.04
    1      1.78e+03   1.00e+00   2.85e-03   8.18e+01    0         1      0.13
    2      1.56e-01   1.00e+00   7.44e-05   2.08e+00    0         1      0.22
    3      3.89e-02   1.00e+00   1.37e-07   3.65e-03    0         1      0.31
Finished, because...
Error smaller than 1 ( 3.6457E-03 ).

Accumulated times:
Assembly time:        0.19 s
Solve time:      0.12 s
Total time:      0.31 s

contact        voltage     electron current    hole current     total current
 drain        7.495E-01       2.338E-04         0.000E+00        2.338E-04
 gate         1.500E+00      -1.916E-16        -4.151E-33       -1.394E-16
 source       0.000E+00      -2.338E-04         0.000E+00       -2.338E-04


Computing TR-step from 0.749538 s to 0.755396 s (Stepsize: 5.8579e-03 s)
Extrapolating values for t = 0.755396 ... done.
Computing Coupled( 1 poisson-equation(s) , 1 current-contact-equation(s) , 
                   1 electron-equation(s) , 1 hole-equation(s) ) 
using Bank/Rose nonlinear solver.

Iteration   |Rhs|      factor     |step|     error   #inner  #iterative  time
------------------------------------------------------------------------------
    0      2.81e+06                                                      0.04
    1      6.00e+03   1.00e+00   5.23e-03   1.52e+02    0         1      0.13
    2      1.67e+00   1.00e+00   2.27e-04   6.58e+00    0         1      0.22
    3      4.62e-02   1.00e+00   1.16e-06   3.39e-02    0         1      0.31
Finished, because...
Error smaller than 1 ( 3.3912E-02 ).

Accumulated times:
Assembly time:        0.19 s
Solve time:      0.11 s
Total time:      0.31 s

Computing BDF2-step from 0.749538 s to 0.759538 s (Stepsize: 0.01 s)
Extrapolating values for t = 0.759538 ... done.
Computing Coupled( 1 poisson-equation(s) , 1 current-contact-equation(s) , 
                   1 electron-equation(s) , 1 hole-equation(s) ) 
using Bank/Rose nonlinear solver.

Iteration   |Rhs|      factor     |step|     error   #inner  #iterative  time
------------------------------------------------------------------------------
    0      3.98e+06                                                      0.05
    1      1.13e+04   1.00e+00   7.20e-03   2.09e+02    0         1      0.14
    2      5.64e+00   1.00e+00   4.04e-04   1.19e+01    0         1      0.23
    3      3.21e-02   1.00e+00   3.41e-06   1.07e-01    0         1      0.33
Finished, because...
Error smaller than 1 ( 1.0650E-01 ).

Accumulated times:
Assembly time:        0.21 s
Solve time:      0.12 s
Total time:      0.33 s

contact        voltage     electron current    hole current     total current
 drain        7.595E-01       2.371E-04         0.000E+00        2.371E-04
 gate         1.500E+00      -1.412E-16        -3.961E-33       -1.393E-16
 source       0.000E+00      -2.371E-04         0.000E+00       -2.371E-04


Computing TR-step from 0.759538 s to 0.765396 s (Stepsize: 5.8579e-03 s)
Extrapolating values for t = 0.765396 ... done.
Computing Coupled( 1 poisson-equation(s) , 1 current-contact-equation(s) , 
                   1 electron-equation(s) , 1 hole-equation(s) ) 
using Bank/Rose nonlinear solver.

Iteration   |Rhs|      factor     |step|     error   #inner  #iterative  time
------------------------------------------------------------------------------
    0      7.40e+05                                                      0.04
    1      3.86e+02   1.00e+00   1.31e-03   4.09e+01    0         1      0.13
    2      3.24e-02   1.00e+00   1.76e-05   6.08e-01    0         1      0.22
Finished, because...
Error smaller than 1 ( 6.0783E-01 ).

Accumulated times:
Assembly time:        0.14 s
Solve time:      0.08 s
Total time:      0.22 s

Computing BDF2-step from 0.759538 s to 0.769538 s (Stepsize: 0.01 s)
Extrapolating values for t = 0.769538 ... done.
Computing Coupled( 1 poisson-equation(s) , 1 current-contact-equation(s) , 
                   1 electron-equation(s) , 1 hole-equation(s) ) 
using Bank/Rose nonlinear solver.

Iteration   |Rhs|      factor     |step|     error   #inner  #iterative  time
------------------------------------------------------------------------------
    0      1.47e+06                                                      0.04
    1      1.43e+03   1.00e+00   2.56e-03   7.94e+01    0         1      0.13
    2      1.17e-01   1.00e+00   6.51e-05   2.21e+00    0         1      0.22
    3      3.63e-02   1.00e+00   1.35e-07   4.55e-03    0         1      0.31
Finished, because...
Error smaller than 1 ( 4.5525E-03 ).

Accumulated times:
Assembly time:        0.19 s
Solve time:      0.11 s
Total time:      0.31 s

contact        voltage     electron current    hole current     total current
 drain        7.695E-01       2.404E-04         0.000E+00        2.404E-04
 gate         1.500E+00      -1.523E-16        -3.918E-33       -1.391E-16
 source       0.000E+00      -2.404E-04         0.000E+00       -2.404E-04


Computing TR-step from 0.769538 s to 0.775396 s (Stepsize: 5.8579e-03 s)
Extrapolating values for t = 0.775396 ... done.
Computing Coupled( 1 poisson-equation(s) , 1 current-contact-equation(s) , 
                   1 electron-equation(s) , 1 hole-equation(s) ) 
using Bank/Rose nonlinear solver.

Iteration   |Rhs|      factor     |step|     error   #inner  #iterative  time
------------------------------------------------------------------------------
    0      2.81e+06                                                      0.04
    1      4.69e+03   1.00e+00   4.75e-03   1.46e+02    0         1      0.13
    2      1.07e+00   1.00e+00   2.14e-04   7.13e+00    0         1      0.23
    3      3.88e-02   1.00e+00   1.23e-06   4.15e-02    0         1      0.32
Finished, because...
Error smaller than 1 ( 4.1492E-02 ).

Accumulated times:
Assembly time:        0.20 s
Solve time:      0.11 s
Total time:      0.32 s

Computing BDF2-step from 0.769538 s to 0.779538 s (Stepsize: 0.01 s)
Extrapolating values for t = 0.779538 ... done.
Computing Coupled( 1 poisson-equation(s) , 1 current-contact-equation(s) , 
                   1 electron-equation(s) , 1 hole-equation(s) ) 
using Bank/Rose nonlinear solver.

Iteration   |Rhs|      factor     |step|     error   #inner  #iterative  time
------------------------------------------------------------------------------
    0      3.98e+06                                                      0.04
    1      9.16e+03   1.00e+00   6.59e-03   2.01e+02    0         1      0.13
    2      3.22e+00   1.00e+00   3.97e-04   1.30e+01    0         1      0.23
    3      3.59e-02   1.00e+00   3.74e-06   1.29e-01    0         1      0.32
Finished, because...
Error smaller than 1 ( 1.2852E-01 ).

Accumulated times:
Assembly time:        0.20 s
Solve time:      0.12 s
Total time:      0.32 s

contact        voltage     electron current    hole current     total current
 drain        7.795E-01       2.437E-04         0.000E+00        2.437E-04
 gate         1.500E+00      -6.513E-17        -3.656E-33       -1.389E-16
 source       0.000E+00      -2.437E-04         0.000E+00       -2.437E-04


Computing TR-step from 0.779538 s to 0.785396 s (Stepsize: 5.8579e-03 s)
Extrapolating values for t = 0.785396 ... done.
Computing Coupled( 1 poisson-equation(s) , 1 current-contact-equation(s) , 
                   1 electron-equation(s) , 1 hole-equation(s) ) 
using Bank/Rose nonlinear solver.

Iteration   |Rhs|      factor     |step|     error   #inner  #iterative  time
------------------------------------------------------------------------------
    0      7.41e+05                                                      0.04
    1      4.92e+02   1.00e+00   1.33e-03   3.85e+01    0         1      0.14
    2      3.89e-02   1.00e+00   1.93e-05   5.98e-01    0         1      0.22
Finished, because...
Error smaller than 1 ( 5.9817E-01 ).

Accumulated times:
Assembly time:        0.14 s
Solve time:      0.08 s
Total time:      0.22 s

Computing BDF2-step from 0.779538 s to 0.789538 s (Stepsize: 0.01 s)
Extrapolating values for t = 0.789538 ... done.
Computing Coupled( 1 poisson-equation(s) , 1 current-contact-equation(s) , 
                   1 electron-equation(s) , 1 hole-equation(s) ) 
using Bank/Rose nonlinear solver.

Iteration   |Rhs|      factor     |step|     error   #inner  #iterative  time
------------------------------------------------------------------------------
    0      1.47e+06                                                      0.04
    1      1.88e+03   1.00e+00   2.60e-03   7.52e+01    0         1      0.13
    2      1.24e-01   1.00e+00   6.83e-05   2.19e+00    0         1      0.22
    3      3.78e-02   1.00e+00   9.80e-08   4.52e-03    0         1      0.31
Finished, because...
Error smaller than 1 ( 4.5154E-03 ).

Accumulated times:
Assembly time:        0.19 s
Solve time:      0.12 s
Total time:      0.31 s

contact        voltage     electron current    hole current     total current
 drain        7.895E-01       2.471E-04         0.000E+00        2.471E-04
 gate         1.500E+00      -1.009E-16        -3.666E-33       -1.387E-16
 source       0.000E+00      -2.471E-04         0.000E+00       -2.471E-04


Computing TR-step from 0.789538 s to 0.795396 s (Stepsize: 5.8579e-03 s)
Extrapolating values for t = 0.795396 ... done.
Computing Coupled( 1 poisson-equation(s) , 1 current-contact-equation(s) , 
                   1 electron-equation(s) , 1 hole-equation(s) ) 
using Bank/Rose nonlinear solver.

Iteration   |Rhs|      factor     |step|     error   #inner  #iterative  time
------------------------------------------------------------------------------
    0      2.82e+06                                                      0.04
    1      6.51e+03   1.00e+00   4.84e-03   1.39e+02    0         1      0.12
    2      1.42e+00   1.00e+00   2.13e-04   7.10e+00    0         1      0.22
    3      3.62e-02   1.00e+00   8.15e-07   4.14e-02    0         1      0.31
Finished, because...
Error smaller than 1 ( 4.1415E-02 ).

Accumulated times:
Assembly time:        0.19 s
Solve time:      0.10 s
Total time:      0.31 s

Computing BDF2-step from 0.789538 s to 0.799538 s (Stepsize: 0.01 s)
Extrapolating values for t = 0.799538 ... done.
Computing Coupled( 1 poisson-equation(s) , 1 current-contact-equation(s) , 
                   1 electron-equation(s) , 1 hole-equation(s) ) 
using Bank/Rose nonlinear solver.

Iteration   |Rhs|      factor     |step|     error   #inner  #iterative  time
------------------------------------------------------------------------------
    0      3.98e+06                                                      0.04
    1      1.25e+04   1.00e+00   6.71e-03   1.93e+02    0         1      0.13
    2      5.04e+00   1.00e+00   3.82e-04   1.31e+01    0         1      0.22
    3      3.53e-02   1.00e+00   2.45e-06   1.27e-01    0         1      0.32
Finished, because...
Error smaller than 1 ( 1.2739E-01 ).

Accumulated times:
Assembly time:        0.20 s
Solve time:      0.12 s
Total time:      0.32 s

contact        voltage     electron current    hole current     total current
 drain        7.995E-01       2.504E-04         0.000E+00        2.504E-04
 gate         1.500E+00      -1.344E-16        -3.682E-33       -1.385E-16
 source       0.000E+00      -2.504E-04         0.000E+00       -2.504E-04


Computing TR-step from 0.799538 s to 0.805396 s (Stepsize: 5.8579e-03 s)
Extrapolating values for t = 0.805396 ... done.
Computing Coupled( 1 poisson-equation(s) , 1 current-contact-equation(s) , 
                   1 electron-equation(s) , 1 hole-equation(s) ) 
using Bank/Rose nonlinear solver.

Iteration   |Rhs|      factor     |step|     error   #inner  #iterative  time
------------------------------------------------------------------------------
    0      7.41e+05                                                      0.04
    1      5.37e+02   1.00e+00   1.28e-03   4.11e+01    0         1      0.12
    2      3.58e-02   1.00e+00   1.52e-05   6.47e-01    0         1      0.21
Finished, because...
Error smaller than 1 ( 6.4655E-01 ).

Accumulated times:
Assembly time:        0.12 s
Solve time:      0.08 s
Total time:      0.21 s

Computing BDF2-step from 0.799538 s to 0.809538 s (Stepsize: 0.01 s)
Extrapolating values for t = 0.809538 ... done.
Computing Coupled( 1 poisson-equation(s) , 1 current-contact-equation(s) , 
                   1 electron-equation(s) , 1 hole-equation(s) ) 
using Bank/Rose nonlinear solver.

Iteration   |Rhs|      factor     |step|     error   #inner  #iterative  time
------------------------------------------------------------------------------
    0      1.47e+06                                                      0.04
    1      2.01e+03   1.00e+00   2.50e-03   8.04e+01    0         1      0.13
    2      1.48e-01   1.00e+00   5.49e-05   2.31e+00    0         1      0.22
    3      4.39e-02   1.00e+00   8.32e-08   5.08e-03    0         1      0.31
Finished, because...
Error smaller than 1 ( 5.0801E-03 ).

Accumulated times:
Assembly time:        0.19 s
Solve time:      0.12 s
Total time:      0.31 s

contact        voltage     electron current    hole current     total current
 drain        8.095E-01       2.538E-04         0.000E+00        2.538E-04
 gate         1.500E+00      -1.530E-16        -3.662E-33       -1.383E-16
 source       0.000E+00      -2.538E-04         0.000E+00       -2.538E-04


Computing TR-step from 0.809538 s to 0.815396 s (Stepsize: 5.8579e-03 s)
Extrapolating values for t = 0.815396 ... done.
Computing Coupled( 1 poisson-equation(s) , 1 current-contact-equation(s) , 
                   1 electron-equation(s) , 1 hole-equation(s) ) 
using Bank/Rose nonlinear solver.

Iteration   |Rhs|      factor     |step|     error   #inner  #iterative  time
------------------------------------------------------------------------------
    0      2.81e+06                                                      0.05
    1      6.73e+03   1.00e+00   4.61e-03   1.49e+02    0         1      0.14
    2      1.48e+00   1.00e+00   1.76e-04   7.24e+00    0         1      0.24
    3      3.72e-02   1.00e+00   7.19e-07   4.61e-02    0         1      0.32
Finished, because...
Error smaller than 1 ( 4.6077E-02 ).

Accumulated times:
Assembly time:        0.20 s
Solve time:      0.12 s
Total time:      0.32 s

Computing BDF2-step from 0.809538 s to 0.819538 s (Stepsize: 0.01 s)
Extrapolating values for t = 0.819538 ... done.
Computing Coupled( 1 poisson-equation(s) , 1 current-contact-equation(s) , 
                   1 electron-equation(s) , 1 hole-equation(s) ) 
using Bank/Rose nonlinear solver.

Iteration   |Rhs|      factor     |step|     error   #inner  #iterative  time
------------------------------------------------------------------------------
    0      3.98e+06                                                      0.04
    1      1.27e+04   1.00e+00   6.36e-03   2.07e+02    0         1      0.13
    2      4.77e+00   1.00e+00   3.20e-04   1.30e+01    0         1      0.22
    3      4.14e-02   1.00e+00   2.11e-06   1.39e-01    0         1      0.32
Finished, because...
Error smaller than 1 ( 1.3918E-01 ).

Accumulated times:
Assembly time:        0.20 s
Solve time:      0.12 s
Total time:      0.32 s

contact        voltage     electron current    hole current     total current
 drain        8.195E-01       2.571E-04         0.000E+00        2.571E-04
 gate         1.500E+00      -1.316E-16        -3.557E-33       -1.382E-16
 source       0.000E+00      -2.571E-04         0.000E+00       -2.571E-04


Computing TR-step from 0.819538 s to 0.825396 s (Stepsize: 5.8579e-03 s)
Extrapolating values for t = 0.825396 ... done.
Computing Coupled( 1 poisson-equation(s) , 1 current-contact-equation(s) , 
                   1 electron-equation(s) , 1 hole-equation(s) ) 
using Bank/Rose nonlinear solver.

Iteration   |Rhs|      factor     |step|     error   #inner  #iterative  time
------------------------------------------------------------------------------
    0      7.40e+05                                                      0.04
    1      4.25e+02   1.00e+00   1.17e-03   4.20e+01    0         1      0.13
    2      3.77e-02   1.00e+00   1.34e-05   6.31e-01    0         1      0.23
Finished, because...
Error smaller than 1 ( 6.3090E-01 ).

Accumulated times:
Assembly time:        0.15 s
Solve time:      0.08 s
Total time:      0.23 s

Computing BDF2-step from 0.819538 s to 0.829538 s (Stepsize: 0.01 s)
Extrapolating values for t = 0.829538 ... done.
Computing Coupled( 1 poisson-equation(s) , 1 current-contact-equation(s) , 
                   1 electron-equation(s) , 1 hole-equation(s) ) 
using Bank/Rose nonlinear solver.

Iteration   |Rhs|      factor     |step|     error   #inner  #iterative  time
------------------------------------------------------------------------------
    0      1.47e+06                                                      0.04
    1      1.55e+03   1.00e+00   2.28e-03   8.13e+01    0         1      0.14
    2      8.35e-02   1.00e+00   4.88e-05   2.27e+00    0         1      0.23
    3      8.35e-02   1.00e+00   7.23e-08   4.72e-03    0         1      0.32
Finished, because...
Error smaller than 1 ( 4.7224E-03 ).

Accumulated times:
Assembly time:        0.19 s
Solve time:      0.11 s
Total time:      0.32 s

contact        voltage     electron current    hole current     total current
 drain        8.295E-01       2.605E-04         0.000E+00        2.605E-04
 gate         1.500E+00      -1.102E-16        -3.455E-33       -1.380E-16
 source       0.000E+00      -2.605E-04         0.000E+00       -2.605E-04


Computing TR-step from 0.829538 s to 0.835396 s (Stepsize: 5.8579e-03 s)
Extrapolating values for t = 0.835396 ... done.
Computing Coupled( 1 poisson-equation(s) , 1 current-contact-equation(s) , 
                   1 electron-equation(s) , 1 hole-equation(s) ) 
using Bank/Rose nonlinear solver.

Iteration   |Rhs|      factor     |step|     error   #inner  #iterative  time
------------------------------------------------------------------------------
    0      2.81e+06                                                      0.04
    1      5.02e+03   1.00e+00   4.22e-03   1.49e+02    0         1      0.12
    2      7.03e-01   1.00e+00   1.60e-04   7.23e+00    0         1      0.22
    3      6.12e-02   1.00e+00   7.14e-07   4.47e-02    0         1      0.31
Finished, because...
Error smaller than 1 ( 4.4699E-02 ).

Accumulated times:
Assembly time:        0.19 s
Solve time:      0.10 s
Total time:      0.31 s

Computing BDF2-step from 0.829538 s to 0.839538 s (Stepsize: 0.01 s)
Extrapolating values for t = 0.839538 ... done.
Computing Coupled( 1 poisson-equation(s) , 1 current-contact-equation(s) , 
                   1 electron-equation(s) , 1 hole-equation(s) ) 
using Bank/Rose nonlinear solver.

Iteration   |Rhs|      factor     |step|     error   #inner  #iterative  time
------------------------------------------------------------------------------
    0      3.98e+06                                                      0.04
    1      9.20e+03   1.00e+00   5.84e-03   2.04e+02    0         1      0.13
    2      2.03e+00   1.00e+00   2.97e-04   1.32e+01    0         1      0.22
    3      6.90e-02   1.00e+00   2.30e-06   1.45e-01    0         1      0.32
Finished, because...
Error smaller than 1 ( 1.4535E-01 ).

Accumulated times:
Assembly time:        0.19 s
Solve time:      0.12 s
Total time:      0.32 s

contact        voltage     electron current    hole current     total current
 drain        8.395E-01       2.639E-04         0.000E+00        2.639E-04
 gate         1.500E+00      -1.204E-16        -3.422E-33       -1.378E-16
 source       0.000E+00      -2.639E-04         0.000E+00       -2.639E-04


Computing TR-step from 0.839538 s to 0.845396 s (Stepsize: 5.8579e-03 s)
Extrapolating values for t = 0.845396 ... done.
Computing Coupled( 1 poisson-equation(s) , 1 current-contact-equation(s) , 
                   1 electron-equation(s) , 1 hole-equation(s) ) 
using Bank/Rose nonlinear solver.

Iteration   |Rhs|      factor     |step|     error   #inner  #iterative  time
------------------------------------------------------------------------------
    0      7.39e+05                                                      0.04
    1      3.96e+02   1.00e+00   1.13e-03   3.72e+01    0         1      0.13
    2      7.52e-02   1.00e+00   1.45e-05   6.63e-01    0         1      0.22
Finished, because...
Error smaller than 1 ( 6.6285E-01 ).

Accumulated times:
Assembly time:        0.14 s
Solve time:      0.07 s
Total time:      0.22 s

Computing BDF2-step from 0.839538 s to 0.849538 s (Stepsize: 0.01 s)
Extrapolating values for t = 0.849538 ... done.
Computing Coupled( 1 poisson-equation(s) , 1 current-contact-equation(s) , 
                   1 electron-equation(s) , 1 hole-equation(s) ) 
using Bank/Rose nonlinear solver.

Iteration   |Rhs|      factor     |step|     error   #inner  #iterative  time
------------------------------------------------------------------------------
    0      1.47e+06                                                      0.04
    1      1.52e+03   1.00e+00   2.22e-03   7.24e+01    0         1      0.13
    2      6.73e-02   1.00e+00   5.26e-05   2.44e+00    0         1      0.22
    3      6.73e-02   1.00e+00   9.05e-08   7.31e-03    0         1      0.31
Finished, because...
Error smaller than 1 ( 7.3115E-03 ).

Accumulated times:
Assembly time:        0.19 s
Solve time:      0.12 s
Total time:      0.31 s

contact        voltage     electron current    hole current     total current
 drain        8.495E-01       2.673E-04         0.000E+00        2.673E-04
 gate         1.500E+00      -1.273E-16        -3.387E-33       -1.376E-16
 source       0.000E+00      -2.673E-04         0.000E+00       -2.673E-04


Computing TR-step from 0.849538 s to 0.855396 s (Stepsize: 5.8579e-03 s)
Extrapolating values for t = 0.855396 ... done.
Computing Coupled( 1 poisson-equation(s) , 1 current-contact-equation(s) , 
                   1 electron-equation(s) , 1 hole-equation(s) ) 
using Bank/Rose nonlinear solver.

Iteration   |Rhs|      factor     |step|     error   #inner  #iterative  time
------------------------------------------------------------------------------
    0      2.81e+06                                                      0.04
    1      5.32e+03   1.00e+00   4.14e-03   1.34e+02    0         1      0.14
    2      3.65e-01   1.00e+00   1.67e-04   7.86e+00    0         1      0.23
    3      7.62e-02   1.00e+00   7.35e-07   5.83e-02    0         1      0.32
Finished, because...
Error smaller than 1 ( 5.8266E-02 ).

Accumulated times:
Assembly time:        0.19 s
Solve time:      0.12 s
Total time:      0.32 s

Computing BDF2-step from 0.849538 s to 0.859538 s (Stepsize: 0.01 s)
Extrapolating values for t = 0.859538 ... done.
Computing Coupled( 1 poisson-equation(s) , 1 current-contact-equation(s) , 
                   1 electron-equation(s) , 1 hole-equation(s) ) 
using Bank/Rose nonlinear solver.

Iteration   |Rhs|      factor     |step|     error   #inner  #iterative  time
------------------------------------------------------------------------------
    0      3.97e+06                                                      0.04
    1      1.03e+04   1.00e+00   5.75e-03   1.84e+02    0         1      0.13
    2      1.21e+00   1.00e+00   3.02e-04   1.42e+01    0         1      0.23
    3      7.44e-02   1.00e+00   2.06e-06   1.58e-01    0         1      0.32
Finished, because...
Error smaller than 1 ( 1.5814E-01 ).

Accumulated times:
Assembly time:        0.20 s
Solve time:      0.11 s
Total time:      0.32 s

contact        voltage     electron current    hole current     total current
 drain        8.595E-01       2.707E-04         0.000E+00        2.707E-04
 gate         1.500E+00      -1.641E-16        -3.419E-33       -1.374E-16
 source       0.000E+00      -2.707E-04         0.000E+00       -2.707E-04


Computing TR-step from 0.859538 s to 0.865396 s (Stepsize: 5.8579e-03 s)
Extrapolating values for t = 0.865396 ... done.
Computing Coupled( 1 poisson-equation(s) , 1 current-contact-equation(s) , 
                   1 electron-equation(s) , 1 hole-equation(s) ) 
using Bank/Rose nonlinear solver.

Iteration   |Rhs|      factor     |step|     error   #inner  #iterative  time
------------------------------------------------------------------------------
    0      7.38e+05                                                      0.04
    1      4.48e+02   1.00e+00   1.14e-03   3.97e+01    0         1      0.13
    2      8.04e-02   1.00e+00   1.24e-05   6.19e-01    0         1      0.22
Finished, because...
Error smaller than 1 ( 6.1936E-01 ).

Accumulated times:
Assembly time:        0.14 s
Solve time:      0.08 s
Total time:      0.22 s

Computing BDF2-step from 0.859538 s to 0.869538 s (Stepsize: 0.01 s)
Extrapolating values for t = 0.869538 ... done.
Computing Coupled( 1 poisson-equation(s) , 1 current-contact-equation(s) , 
                   1 electron-equation(s) , 1 hole-equation(s) ) 
using Bank/Rose nonlinear solver.

Iteration   |Rhs|      factor     |step|     error   #inner  #iterative  time
------------------------------------------------------------------------------
    0      1.47e+06                                                      0.04
    1      1.70e+03   1.00e+00   2.22e-03   7.72e+01    0         1      0.13
    2      7.78e-02   1.00e+00   4.49e-05   2.24e+00    0         1      0.22
    3      7.78e-02   1.00e+00   6.51e-08   5.30e-03    0         1      0.31
Finished, because...
Error smaller than 1 ( 5.3020E-03 ).

Accumulated times:
Assembly time:        0.18 s
Solve time:      0.12 s
Total time:      0.31 s

contact        voltage     electron current    hole current     total current
 drain        8.695E-01       2.741E-04         0.000E+00        2.741E-04
 gate         1.500E+00      -1.150E-16        -3.262E-33       -1.372E-16
 source       0.000E+00      -2.741E-04         0.000E+00       -2.741E-04


Computing TR-step from 0.869538 s to 0.875396 s (Stepsize: 5.8579e-03 s)
Extrapolating values for t = 0.875396 ... done.
Computing Coupled( 1 poisson-equation(s) , 1 current-contact-equation(s) , 
                   1 electron-equation(s) , 1 hole-equation(s) ) 
using Bank/Rose nonlinear solver.

Iteration   |Rhs|      factor     |step|     error   #inner  #iterative  time
------------------------------------------------------------------------------
    0      2.80e+06                                                      0.04
    1      5.79e+03   1.00e+00   4.12e-03   1.42e+02    0         1      0.14
    2      4.29e-01   1.00e+00   1.45e-04   7.34e+00    0         1      0.23
    3      8.12e-02   1.00e+00   6.36e-07   5.34e-02    0         1      0.33
Finished, because...
Error smaller than 1 ( 5.3414E-02 ).

Accumulated times:
Assembly time:        0.21 s
Solve time:      0.12 s
Total time:      0.33 s

Computing BDF2-step from 0.869538 s to 0.879538 s (Stepsize: 0.01 s)
Extrapolating values for t = 0.879538 ... done.
Computing Coupled( 1 poisson-equation(s) , 1 current-contact-equation(s) , 
                   1 electron-equation(s) , 1 hole-equation(s) ) 
using Bank/Rose nonlinear solver.

Iteration   |Rhs|      factor     |step|     error   #inner  #iterative  time
------------------------------------------------------------------------------
    0      3.96e+06                                                      0.05
    1      1.10e+04   1.00e+00   5.70e-03   1.96e+02    0         1      0.13
    2      1.53e+00   1.00e+00   2.69e-04   1.37e+01    0         1      0.23
    3      6.99e-02   1.00e+00   2.02e-06   1.71e-01    0         1      0.32
Finished, because...
Error smaller than 1 ( 1.7109E-01 ).

Accumulated times:
Assembly time:        0.20 s
Solve time:      0.12 s
Total time:      0.32 s

contact        voltage     electron current    hole current     total current
 drain        8.795E-01       2.775E-04         0.000E+00        2.775E-04
 gate         1.500E+00      -1.660E-16        -3.332E-33       -1.370E-16
 source       0.000E+00      -2.775E-04         0.000E+00       -2.775E-04


Computing TR-step from 0.879538 s to 0.885396 s (Stepsize: 5.8579e-03 s)
Extrapolating values for t = 0.885396 ... done.
Computing Coupled( 1 poisson-equation(s) , 1 current-contact-equation(s) , 
                   1 electron-equation(s) , 1 hole-equation(s) ) 
using Bank/Rose nonlinear solver.

Iteration   |Rhs|      factor     |step|     error   #inner  #iterative  time
------------------------------------------------------------------------------
    0      7.56e+05                                                      0.04
    1      4.17e+02   1.00e+00   1.05e-03   3.93e+01    0         1      0.14
    2      8.85e-02   1.00e+00   1.22e-05   7.39e-01    0         1      0.22
Finished, because...
Error smaller than 1 ( 7.3944E-01 ).

Accumulated times:
Assembly time:        0.13 s
Solve time:      0.08 s
Total time:      0.22 s

Computing BDF2-step from 0.879538 s to 0.889538 s (Stepsize: 0.01 s)
Extrapolating values for t = 0.889538 ... done.
Computing Coupled( 1 poisson-equation(s) , 1 current-contact-equation(s) , 
                   1 electron-equation(s) , 1 hole-equation(s) ) 
using Bank/Rose nonlinear solver.

Iteration   |Rhs|      factor     |step|     error   #inner  #iterative  time
------------------------------------------------------------------------------
    0      1.52e+06                                                      0.04
    1      1.56e+03   1.00e+00   2.05e-03   7.67e+01    0         1      0.14
    2      6.79e-02   1.00e+00   4.43e-05   2.60e+00    0         1      0.23
    3      6.79e-02   1.00e+00   6.78e-08   5.59e-03    0         1      0.31
Finished, because...
Error smaller than 1 ( 5.5900E-03 ).

Accumulated times:
Assembly time:        0.19 s
Solve time:      0.11 s
Total time:      0.31 s

contact        voltage     electron current    hole current     total current
 drain        8.895E-01       2.809E-04         0.000E+00        2.809E-04
 gate         1.500E+00      -1.073E-16        -3.159E-33       -1.368E-16
 source       0.000E+00      -2.809E-04         0.000E+00       -2.809E-04


Computing TR-step from 0.889538 s to 0.895396 s (Stepsize: 5.8579e-03 s)
Extrapolating values for t = 0.895396 ... done.
Computing Coupled( 1 poisson-equation(s) , 1 current-contact-equation(s) , 
                   1 electron-equation(s) , 1 hole-equation(s) ) 
using Bank/Rose nonlinear solver.

Iteration   |Rhs|      factor     |step|     error   #inner  #iterative  time
------------------------------------------------------------------------------
    0      2.93e+06                                                      0.04
    1      5.20e+03   1.00e+00   3.80e-03   1.42e+02    0         1      0.13
    2      4.30e-01   1.00e+00   1.43e-04   7.88e+00    0         1      0.22
    3      7.90e-02   1.00e+00   5.56e-07   3.85e-02    0         1      0.31
Finished, because...
Error smaller than 1 ( 3.8492E-02 ).

Accumulated times:
Assembly time:        0.19 s
Solve time:      0.12 s
Total time:      0.31 s

Computing BDF2-step from 0.889538 s to 0.899538 s (Stepsize: 0.01 s)
Extrapolating values for t = 0.899538 ... done.
Computing Coupled( 1 poisson-equation(s) , 1 current-contact-equation(s) , 
                   1 electron-equation(s) , 1 hole-equation(s) ) 
using Bank/Rose nonlinear solver.

Iteration   |Rhs|      factor     |step|     error   #inner  #iterative  time
------------------------------------------------------------------------------
    0      4.18e+06                                                      0.04
    1      9.76e+03   1.00e+00   5.28e-03   1.96e+02    0         1      0.14
    2      1.49e+00   1.00e+00   2.63e-04   1.38e+01    0         1      0.23
    3      8.15e-02   1.00e+00   1.68e-06   1.02e-01    0         1      0.32
Finished, because...
Error smaller than 1 ( 1.0151E-01 ).

Accumulated times:
Assembly time:        0.19 s
Solve time:      0.12 s
Total time:      0.32 s

contact        voltage     electron current    hole current     total current
 drain        8.995E-01       2.843E-04         0.000E+00        2.843E-04
 gate         1.500E+00      -1.270E-16        -3.161E-33       -1.366E-16
 source       0.000E+00      -2.843E-04         0.000E+00       -2.843E-04


Computing TR-step from 0.899538 s to 0.905396 s (Stepsize: 5.8579e-03 s)
Extrapolating values for t = 0.905396 ... done.
Computing Coupled( 1 poisson-equation(s) , 1 current-contact-equation(s) , 
                   1 electron-equation(s) , 1 hole-equation(s) ) 
using Bank/Rose nonlinear solver.

Iteration   |Rhs|      factor     |step|     error   #inner  #iterative  time
------------------------------------------------------------------------------
    0      8.04e+05                                                      0.04
    1      3.73e+02   1.00e+00   1.03e-03   3.69e+01    0         1      0.14
    2      7.50e-02   1.00e+00   1.26e-05   5.83e-01    0         1      0.23
Finished, because...
Error smaller than 1 ( 5.8310E-01 ).

Accumulated times:
Assembly time:        0.15 s
Solve time:      0.07 s
Total time:      0.23 s

Computing BDF2-step from 0.899538 s to 0.909538 s (Stepsize: 0.01 s)
Extrapolating values for t = 0.909538 ... done.
Computing Coupled( 1 poisson-equation(s) , 1 current-contact-equation(s) , 
                   1 electron-equation(s) , 1 hole-equation(s) ) 
using Bank/Rose nonlinear solver.

Iteration   |Rhs|      factor     |step|     error   #inner  #iterative  time
------------------------------------------------------------------------------
    0      1.61e+06                                                      0.04
    1      1.42e+03   1.00e+00   2.02e-03   7.08e+01    0         1      0.14
    2      6.58e-02   1.00e+00   4.59e-05   2.17e+00    0         1      0.23
    3      6.58e-02   1.00e+00   7.09e-08   5.09e-03    0         1      0.32
Finished, because...
Error smaller than 1 ( 5.0945E-03 ).

Accumulated times:
Assembly time:        0.20 s
Solve time:      0.12 s
Total time:      0.32 s

contact        voltage     electron current    hole current     total current
 drain        9.095E-01       2.878E-04         0.000E+00        2.878E-04
 gate         1.500E+00      -1.898E-16        -3.256E-33       -1.364E-16
 source       0.000E+00      -2.878E-04         0.000E+00       -2.878E-04


Computing TR-step from 0.909538 s to 0.915396 s (Stepsize: 5.8579e-03 s)
Extrapolating values for t = 0.915396 ... done.
Computing Coupled( 1 poisson-equation(s) , 1 current-contact-equation(s) , 
                   1 electron-equation(s) , 1 hole-equation(s) ) 
using Bank/Rose nonlinear solver.

Iteration   |Rhs|      factor     |step|     error   #inner  #iterative  time
------------------------------------------------------------------------------
    0      3.11e+06                                                      0.05
    1      4.86e+03   1.00e+00   3.77e-03   1.28e+02    0         1      0.14
    2      3.57e-01   1.00e+00   1.48e-04   7.22e+00    0         1      0.23
    3      6.98e-02   1.00e+00   6.55e-07   5.15e-02    0         1      0.33
Finished, because...
Error smaller than 1 ( 5.1503E-02 ).

Accumulated times:
Assembly time:        0.21 s
Solve time:      0.12 s
Total time:      0.33 s

Computing BDF2-step from 0.909538 s to 0.919538 s (Stepsize: 0.01 s)
Extrapolating values for t = 0.919538 ... done.
Computing Coupled( 1 poisson-equation(s) , 1 current-contact-equation(s) , 
                   1 electron-equation(s) , 1 hole-equation(s) ) 
using Bank/Rose nonlinear solver.

Iteration   |Rhs|      factor     |step|     error   #inner  #iterative  time
------------------------------------------------------------------------------
    0      4.43e+06                                                      0.04
    1      9.29e+03   1.00e+00   5.24e-03   1.75e+02    0         1      0.13
    2      1.20e+00   1.00e+00   2.70e-04   1.34e+01    0         1      0.22
    3      8.11e-02   1.00e+00   2.00e-06   1.63e-01    0         1      0.31
Finished, because...
Error smaller than 1 ( 1.6321E-01 ).

Accumulated times:
Assembly time:        0.19 s
Solve time:      0.12 s
Total time:      0.31 s

contact        voltage     electron current    hole current     total current
 drain        9.195E-01       2.912E-04         0.000E+00        2.912E-04
 gate         1.500E+00      -1.338E-16        -3.093E-33       -1.363E-16
 source       0.000E+00      -2.912E-04         0.000E+00       -2.912E-04


Computing TR-step from 0.919538 s to 0.925396 s (Stepsize: 5.8579e-03 s)
Extrapolating values for t = 0.925396 ... done.
Computing Coupled( 1 poisson-equation(s) , 1 current-contact-equation(s) , 
                   1 electron-equation(s) , 1 hole-equation(s) ) 
using Bank/Rose nonlinear solver.

Iteration   |Rhs|      factor     |step|     error   #inner  #iterative  time
------------------------------------------------------------------------------
    0      8.49e+05                                                      0.04
    1      3.69e+02   1.00e+00   1.02e-03   3.42e+01    0         1      0.13
    2      7.55e-02   1.00e+00   1.08e-05   6.23e-01    0         1      0.23
Finished, because...
Error smaller than 1 ( 6.2290E-01 ).

Accumulated times:
Assembly time:        0.15 s
Solve time:      0.08 s
Total time:      0.23 s

Computing BDF2-step from 0.919538 s to 0.929538 s (Stepsize: 0.01 s)
Extrapolating values for t = 0.929538 ... done.
Computing Coupled( 1 poisson-equation(s) , 1 current-contact-equation(s) , 
                   1 electron-equation(s) , 1 hole-equation(s) ) 
using Bank/Rose nonlinear solver.

Iteration   |Rhs|      factor     |step|     error   #inner  #iterative  time
------------------------------------------------------------------------------
    0      1.70e+06                                                      0.04
    1      1.39e+03   1.00e+00   2.00e-03   6.74e+01    0         1      0.14
    2      7.22e-02   1.00e+00   3.84e-05   2.16e+00    0         1      0.23
    3      7.22e-02   1.00e+00   4.67e-08   3.87e-03    0         1      0.32
Finished, because...
Error smaller than 1 ( 3.8662E-03 ).

Accumulated times:
Assembly time:        0.20 s
Solve time:      0.12 s
Total time:      0.32 s

contact        voltage     electron current    hole current     total current
 drain        9.295E-01       2.946E-04         0.000E+00        2.946E-04
 gate         1.500E+00      -1.426E-16        -3.076E-33       -1.361E-16
 source       0.000E+00      -2.946E-04         0.000E+00       -2.946E-04


Computing TR-step from 0.929538 s to 0.935396 s (Stepsize: 5.8579e-03 s)
Extrapolating values for t = 0.935396 ... done.
Computing Coupled( 1 poisson-equation(s) , 1 current-contact-equation(s) , 
                   1 electron-equation(s) , 1 hole-equation(s) ) 
using Bank/Rose nonlinear solver.

Iteration   |Rhs|      factor     |step|     error   #inner  #iterative  time
------------------------------------------------------------------------------
    0      3.28e+06                                                      0.04
    1      4.69e+03   1.00e+00   3.71e-03   1.26e+02    0         1      0.13
    2      2.22e-01   1.00e+00   1.21e-04   6.53e+00    0         1      0.23
    3      6.69e-02   1.00e+00   3.68e-07   2.81e-02    0         1      0.33
Finished, because...
Error smaller than 1 ( 2.8054E-02 ).

Accumulated times:
Assembly time:        0.21 s
Solve time:      0.12 s
Total time:      0.33 s

Computing BDF2-step from 0.929538 s to 0.939538 s (Stepsize: 0.01 s)
Extrapolating values for t = 0.939538 ... done.
Computing Coupled( 1 poisson-equation(s) , 1 current-contact-equation(s) , 
                   1 electron-equation(s) , 1 hole-equation(s) ) 
using Bank/Rose nonlinear solver.

Iteration   |Rhs|      factor     |step|     error   #inner  #iterative  time
------------------------------------------------------------------------------
    0      4.67e+06                                                      0.04
    1      8.89e+03   1.00e+00   5.14e-03   1.75e+02    0         1      0.13
    2      7.17e-01   1.00e+00   2.20e-04   1.16e+01    0         1      0.23
    3      8.42e-02   1.00e+00   1.09e-06   8.08e-02    0         1      0.31
Finished, because...
Error smaller than 1 ( 8.0833E-02 ).

Accumulated times:
Assembly time:        0.19 s
Solve time:      0.11 s
Total time:      0.31 s

contact        voltage     electron current    hole current     total current
 drain        9.395E-01       2.981E-04         0.000E+00        2.981E-04
 gate         1.500E+00      -1.287E-16        -3.007E-33       -1.359E-16
 source       0.000E+00      -2.981E-04         0.000E+00       -2.981E-04


Computing TR-step from 0.939538 s to 0.945396 s (Stepsize: 5.8579e-03 s)
Extrapolating values for t = 0.945396 ... done.
Computing Coupled( 1 poisson-equation(s) , 1 current-contact-equation(s) , 
                   1 electron-equation(s) , 1 hole-equation(s) ) 
using Bank/Rose nonlinear solver.

Iteration   |Rhs|      factor     |step|     error   #inner  #iterative  time
------------------------------------------------------------------------------
    0      8.94e+05                                                      0.04
    1      4.47e+02   1.00e+00   9.24e-04   3.53e+01    0         1      0.13
    2      8.96e-02   1.00e+00   9.63e-06   5.67e-01    0         1      0.23
Finished, because...
Error smaller than 1 ( 5.6663E-01 ).

Accumulated times:
Assembly time:        0.15 s
Solve time:      0.08 s
Total time:      0.23 s

Computing BDF2-step from 0.939538 s to 0.949538 s (Stepsize: 0.01 s)
Extrapolating values for t = 0.949538 ... done.
Computing Coupled( 1 poisson-equation(s) , 1 current-contact-equation(s) , 
                   1 electron-equation(s) , 1 hole-equation(s) ) 
using Bank/Rose nonlinear solver.

Iteration   |Rhs|      factor     |step|     error   #inner  #iterative  time
------------------------------------------------------------------------------
    0      1.79e+06                                                      0.04
    1      1.71e+03   1.00e+00   1.80e-03   6.81e+01    0         1      0.13
    2      6.95e-02   1.00e+00   3.58e-05   2.09e+00    0         1      0.22
    3      6.95e-02   1.00e+00   5.81e-08   5.24e-03    0         1      0.32
Finished, because...
Error smaller than 1 ( 5.2432E-03 ).

Accumulated times:
Assembly time:        0.20 s
Solve time:      0.12 s
Total time:      0.32 s

contact        voltage     electron current    hole current     total current
 drain        9.495E-01       3.015E-04         0.000E+00        3.015E-04
 gate         1.500E+00      -1.319E-16        -2.981E-33       -1.357E-16
 source       0.000E+00      -3.015E-04         0.000E+00       -3.015E-04


Computing TR-step from 0.949538 s to 0.955396 s (Stepsize: 5.8579e-03 s)
Extrapolating values for t = 0.955396 ... done.
Computing Coupled( 1 poisson-equation(s) , 1 current-contact-equation(s) , 
                   1 electron-equation(s) , 1 hole-equation(s) ) 
using Bank/Rose nonlinear solver.

Iteration   |Rhs|      factor     |step|     error   #inner  #iterative  time
------------------------------------------------------------------------------
    0      3.45e+06                                                      0.04
    1      5.92e+03   1.00e+00   3.34e-03   1.24e+02    0         1      0.14
    2      1.82e-01   1.00e+00   1.19e-04   6.84e+00    0         1      0.23
    3      7.82e-02   1.00e+00   5.41e-07   4.76e-02    0         1      0.32
Finished, because...
Error smaller than 1 ( 4.7649E-02 ).

Accumulated times:
Assembly time:        0.19 s
Solve time:      0.11 s
Total time:      0.32 s

Computing BDF2-step from 0.949538 s to 0.959538 s (Stepsize: 0.01 s)
Extrapolating values for t = 0.959538 ... done.
Computing Coupled( 1 poisson-equation(s) , 1 current-contact-equation(s) , 
                   1 electron-equation(s) , 1 hole-equation(s) ) 
using Bank/Rose nonlinear solver.

Iteration   |Rhs|      factor     |step|     error   #inner  #iterative  time
------------------------------------------------------------------------------
    0      4.91e+06                                                      0.04
    1      1.14e+04   1.00e+00   4.64e-03   1.70e+02    0         1      0.14
    2      5.27e-01   1.00e+00   2.22e-04   1.25e+01    0         1      0.23
    3      7.16e-02   1.00e+00   1.63e-06   1.39e-01    0         1      0.32
Finished, because...
Error smaller than 1 ( 1.3873E-01 ).

Accumulated times:
Assembly time:        0.20 s
Solve time:      0.12 s
Total time:      0.32 s

contact        voltage     electron current    hole current     total current
 drain        9.595E-01       3.050E-04         0.000E+00        3.050E-04
 gate         1.500E+00      -1.262E-16        -2.928E-33       -1.355E-16
 source       0.000E+00      -3.050E-04         0.000E+00       -3.050E-04


Computing TR-step from 0.959538 s to 0.965396 s (Stepsize: 5.8579e-03 s)
Extrapolating values for t = 0.965396 ... done.
Computing Coupled( 1 poisson-equation(s) , 1 current-contact-equation(s) , 
                   1 electron-equation(s) , 1 hole-equation(s) ) 
using Bank/Rose nonlinear solver.

Iteration   |Rhs|      factor     |step|     error   #inner  #iterative  time
------------------------------------------------------------------------------
    0      9.36e+05                                                      0.04
    1      4.59e+02   1.00e+00   9.09e-04   3.32e+01    0         1      0.13
    2      6.15e-02   1.00e+00   9.95e-06   4.59e-01    0         1      0.23
Finished, because...
Error smaller than 1 ( 4.5857E-01 ).

Accumulated times:
Assembly time:        0.15 s
Solve time:      0.08 s
Total time:      0.23 s

Computing BDF2-step from 0.959538 s to 0.969538 s (Stepsize: 0.01 s)
Extrapolating values for t = 0.969538 ... done.
Computing Coupled( 1 poisson-equation(s) , 1 current-contact-equation(s) , 
                   1 electron-equation(s) , 1 hole-equation(s) ) 
using Bank/Rose nonlinear solver.

Iteration   |Rhs|      factor     |step|     error   #inner  #iterative  time
------------------------------------------------------------------------------
    0      1.87e+06                                                      0.04
    1      1.71e+03   1.00e+00   1.79e-03   6.48e+01    0         1      0.14
    2      6.63e-02   1.00e+00   3.61e-05   1.56e+00    0         1      0.22
    3      6.63e-02   1.00e+00   3.92e-08   1.35e-03    0         1      0.32
Finished, because...
Error smaller than 1 ( 1.3509E-03 ).

Accumulated times:
Assembly time:        0.20 s
Solve time:      0.11 s
Total time:      0.32 s

contact        voltage     electron current    hole current     total current
 drain        9.695E-01       3.085E-04         0.000E+00        3.085E-04
 gate         1.500E+00      -1.525E-16        -2.956E-33       -1.353E-16
 source       0.000E+00      -3.085E-04         0.000E+00       -3.085E-04


Computing TR-step from 0.969538 s to 0.975396 s (Stepsize: 5.8579e-03 s)
Extrapolating values for t = 0.975396 ... done.
Computing Coupled( 1 poisson-equation(s) , 1 current-contact-equation(s) , 
                   1 electron-equation(s) , 1 hole-equation(s) ) 
using Bank/Rose nonlinear solver.

Iteration   |Rhs|      factor     |step|     error   #inner  #iterative  time
------------------------------------------------------------------------------
    0      3.61e+06                                                      0.04
    1      5.72e+03   1.00e+00   3.36e-03   1.20e+02    0         1      0.13
    2      1.89e-01   1.00e+00   1.16e-04   4.71e+00    0         1      0.23
    3      6.77e-02   1.00e+00   3.43e-07   1.10e-02    0         1      0.32
Finished, because...
Error smaller than 1 ( 1.0997E-02 ).

Accumulated times:
Assembly time:        0.19 s
Solve time:      0.12 s
Total time:      0.32 s

Computing BDF2-step from 0.969538 s to 0.979538 s (Stepsize: 0.01 s)
Extrapolating values for t = 0.979538 ... done.
Computing Coupled( 1 poisson-equation(s) , 1 current-contact-equation(s) , 
                   1 electron-equation(s) , 1 hole-equation(s) ) 
using Bank/Rose nonlinear solver.

Iteration   |Rhs|      factor     |step|     error   #inner  #iterative  time
------------------------------------------------------------------------------
    0      5.14e+06                                                      0.04
    1      1.07e+04   1.00e+00   4.68e-03   1.65e+02    0         1      0.13
    2      6.90e-01   1.00e+00   2.13e-04   8.41e+00    0         1      0.22
    3      8.10e-02   1.00e+00   1.02e-06   3.41e-02    0         1      0.31
Finished, because...
Error smaller than 1 ( 3.4091E-02 ).

Accumulated times:
Assembly time:        0.19 s
Solve time:      0.12 s
Total time:      0.31 s

contact        voltage     electron current    hole current     total current
 drain        9.795E-01       3.119E-04         0.000E+00        3.119E-04
 gate         1.500E+00      -1.241E-16        -2.867E-33       -1.351E-16
 source       0.000E+00      -3.119E-04         0.000E+00       -3.119E-04


Computing TR-step from 0.979538 s to 0.985396 s (Stepsize: 5.8579e-03 s)
Extrapolating values for t = 0.985396 ... done.
Computing Coupled( 1 poisson-equation(s) , 1 current-contact-equation(s) , 
                   1 electron-equation(s) , 1 hole-equation(s) ) 
using Bank/Rose nonlinear solver.

Iteration   |Rhs|      factor     |step|     error   #inner  #iterative  time
------------------------------------------------------------------------------
    0      9.77e+05                                                      0.04
    1      3.42e+02   1.00e+00   9.16e-04   2.91e+01    0         1      0.14
    2      9.00e-02   1.00e+00   8.62e-06   3.31e-01    0         1      0.24
Finished, because...
Error smaller than 1 ( 3.3124E-01 ).

Accumulated times:
Assembly time:        0.15 s
Solve time:      0.09 s
Total time:      0.24 s

Computing BDF2-step from 0.979538 s to 0.989538 s (Stepsize: 0.01 s)
Extrapolating values for t = 0.989538 ... done.
Computing Coupled( 1 poisson-equation(s) , 1 current-contact-equation(s) , 
                   1 electron-equation(s) , 1 hole-equation(s) ) 
using Bank/Rose nonlinear solver.

Iteration   |Rhs|      factor     |step|     error   #inner  #iterative  time
------------------------------------------------------------------------------
    0      1.96e+06                                                      0.04
    1      1.26e+03   1.00e+00   1.79e-03   5.62e+01    0         1      0.14
    2      1.05e-01   1.00e+00   3.10e-05   1.22e+00    0         1      0.23
    3      1.05e-01   1.00e+00   2.39e-08   1.26e-03    0         1      0.32
Finished, because...
Error smaller than 1 ( 1.2567E-03 ).

Accumulated times:
Assembly time:        0.20 s
Solve time:      0.12 s
Total time:      0.32 s

contact        voltage     electron current    hole current     total current
 drain        9.895E-01       3.154E-04         0.000E+00        3.154E-04
 gate         1.500E+00      -1.495E-16        -2.888E-33       -1.349E-16
 source       0.000E+00      -3.154E-04         0.000E+00       -3.154E-04


Computing TR-step from 0.989538 s to 0.995396 s (Stepsize: 5.8579e-03 s)
Extrapolating values for t = 0.995396 ... done.
Computing Coupled( 1 poisson-equation(s) , 1 current-contact-equation(s) , 
                   1 electron-equation(s) , 1 hole-equation(s) ) 
using Bank/Rose nonlinear solver.

Iteration   |Rhs|      factor     |step|     error   #inner  #iterative  time
------------------------------------------------------------------------------
    0      3.76e+06                                                      0.04
    1      4.16e+03   1.00e+00   3.33e-03   1.03e+02    0         1      0.14
    2      2.15e-01   1.00e+00   9.93e-05   4.05e+00    0         1      0.23
    3      5.59e-02   1.00e+00   2.22e-07   1.28e-02    0         1      0.33
Finished, because...
Error smaller than 1 ( 1.2777E-02 ).

Accumulated times:
Assembly time:        0.20 s
Solve time:      0.12 s
Total time:      0.33 s

Computing BDF2-step from 0.989538 s to 0.999538 s (Stepsize: 0.01 s)
Extrapolating values for t = 0.999538 ... done.
Computing Coupled( 1 poisson-equation(s) , 1 current-contact-equation(s) , 
                   1 electron-equation(s) , 1 hole-equation(s) ) 
using Bank/Rose nonlinear solver.

Iteration   |Rhs|      factor     |step|     error   #inner  #iterative  time
------------------------------------------------------------------------------
    0      5.35e+06                                                      0.05
    1      7.72e+03   1.00e+00   4.61e-03   1.42e+02    0         1      0.15
    2      7.69e-01   1.00e+00   1.82e-04   7.57e+00    0         1      0.25
    3      5.46e-02   1.00e+00   6.93e-07   4.14e-02    0         1      0.35
Finished, because...
Error smaller than 1 ( 4.1447E-02 ).

Accumulated times:
Assembly time:        0.22 s
Solve time:      0.13 s
Total time:      0.35 s

contact        voltage     electron current    hole current     total current
 drain        9.995E-01       3.189E-04         0.000E+00        3.189E-04
 gate         1.500E+00      -1.044E-16        -2.766E-33       -1.347E-16
 source       0.000E+00      -3.189E-04         0.000E+00       -3.189E-04


Computing TR-step from 0.999538 s to 0.999809 s (Stepsize: 2.7073e-04 s)
Extrapolating values for t = 0.999809 ... done.
Computing Coupled( 1 poisson-equation(s) , 1 current-contact-equation(s) , 
                   1 electron-equation(s) , 1 hole-equation(s) ) 
using Bank/Rose nonlinear solver.

Iteration   |Rhs|      factor     |step|     error   #inner  #iterative  time
------------------------------------------------------------------------------
    0      3.63e+04                                                      0.04
    1      4.37e-01   1.00e+00   3.07e-05   1.02e+00    0         1      0.13
    2      1.00e-01   1.00e+00   1.03e-08   5.01e-04    0         1      0.23
Finished, because...
Error smaller than 1 ( 5.0054E-04 ).

Accumulated times:
Assembly time:        0.15 s
Solve time:      0.08 s
Total time:      0.23 s

Computing BDF2-step from 0.999538 s to 1 s (Stepsize: 4.6216e-04 s)
Extrapolating values for t = 1 ... done.
Computing Coupled( 1 poisson-equation(s) , 1 current-contact-equation(s) , 
                   1 electron-equation(s) , 1 hole-equation(s) ) 
using Bank/Rose nonlinear solver.

Iteration   |Rhs|      factor     |step|     error   #inner  #iterative  time
------------------------------------------------------------------------------
    0      6.25e+04                                                      0.04
    1      1.30e+00   1.00e+00   5.29e-05   1.75e+00    0         1      0.14
    2      7.05e-02   1.00e+00   3.05e-08   1.48e-03    0         1      0.25
Finished, because...
Error smaller than 1 ( 1.4818E-03 ).

Accumulated times:
Assembly time:        0.16 s
Solve time:      0.09 s
Total time:      0.25 s

contact        voltage     electron current    hole current     total current
 drain        1.000E+00       3.190E-04         0.000E+00        3.190E-04
 gate         1.500E+00      -8.933E-17        -2.733E-33       -1.347E-16
 source       0.000E+00      -3.190E-04         0.000E+00       -3.190E-04



Finished, because...
Curve trace finished.

Writing plot 'n10_des.tdr' (TDR format) ... done.

Mon Sep  7 16:47:47 2026: checked in 1 sparallel license(s)
Mon Sep  7 16:47:47 2026: checked in 1 sdevice-parallel license(s)
Mon Sep  7 16:47:47 2026: checked in 1 sdevice license(s)

******************************************************************************
Sentaurus Device peak memory usage: 293 megabytes
Sentaurus Device simulation times:
  wallclock: 48.48 s (0 h:00 m:48 s)
  total cpu: 74.67 s (0 h:01 m:14 s)
Sentaurus Device simulation finished (Date: Mon Sep  7 16:47:47 2026  (IST)).
********************************* Good Bye ! *********************************
